{
  "inference_time_s": 11.2737135887146,
  "obb_center": [
    0.11879525364726197,
    0.07928811343595354,
    0.016362215401259022
  ],
  "cog_pcd": [
    0.1095980703830719,
    0.0715256929397583,
    0.03678368031978607
  ],
  "cog_mean": [
    0.11143750554579379,
    0.07307817852911347,
    0.03269938845366775
  ],
  "grasp_translation": [
    -0.5813744783401489,
    0.07218756526708603,
    0.15047827637195588
  ],
  "grasp_quaternion": [
    0.9829129025221193,
    -0.014943775708673834,
    -0.17449740706938366,
    0.05665301888843868
  ],
  "grasp_x_offset": -0.7,
  "grasp_y_offset": 0.0,
  "grasp_z_offset": 0.131
}