{
  "inference_time_s": 11.131718397140503,
  "obb_center": [
    0.13818852530774306,
    0.10929762224690588,
    0.01626503137307571
  ],
  "cog_pcd": [
    0.1297953873872757,
    0.10025504976511002,
    0.037511613219976425
  ],
  "cog_mean": [
    0.1314740179516014,
    0.10206356426146919,
    0.03326229647806725
  ],
  "grasp_translation": [
    -0.5616798520088195,
    0.10093863308429718,
    0.15141343599557877
  ],
  "grasp_quaternion": [
    0.9731534706606482,
    0.02372327440333155,
    -0.2201325177356481,
    0.06285859868056126
  ],
  "grasp_x_offset": -0.7,
  "grasp_y_offset": 0.0,
  "grasp_z_offset": 0.131
}