{
  "inference_time_s": 4.204872131347656,
  "obb_center": [
    0.0949700597000277,
    0.07700877635399121,
    0.01504376581614316
  ],
  "cog_pcd": [
    0.08750176429748535,
    0.06895386427640915,
    0.03684559091925621
  ],
  "cog_mean": [
    0.08899542784834218,
    0.07056484818204169,
    0.03248522627116263
  ],
  "grasp_translation": [
    -0.6037434607744216,
    0.06635171175003052,
    0.15220989002287388
  ],
  "grasp_quaternion": [
    -0.9892635978455548,
    0.013991232326463876,
    0.14545634163979687,
    0.002057200141453636
  ],
  "grasp_x_offset": -0.7,
  "grasp_y_offset": 0.0,
  "grasp_z_offset": 0.131
}