{
  "inference_time_s": 4.006393194198608,
  "obb_center": [
    0.12245509374121832,
    0.09118631052458621,
    0.017295870125243345
  ],
  "cog_pcd": [
    0.11575266718864441,
    0.08318600058555603,
    0.03646291792392731
  ],
  "cog_mean": [
    0.11709315249915919,
    0.08478606406347819,
    0.03262950836419051
  ],
  "grasp_translation": [
    -0.5742419779300689,
    0.08498522639274597,
    0.1514396303743124
  ],
  "grasp_quaternion": [
    0.9920587664744769,
    0.011414178266644703,
    -0.10867881742712848,
    0.06227387123246441
  ],
  "grasp_x_offset": -0.7,
  "grasp_y_offset": 0.0,
  "grasp_z_offset": 0.131
}