{
  "inference_time_s": 10.80200719833374,
  "obb_center": [
    0.14320880827171412,
    0.11283894211347145,
    0.014614558453730116
  ],
  "cog_pcd": [
    0.13233792781829834,
    0.10522926598787308,
    0.03784739226102829
  ],
  "cog_mean": [
    0.1345121053990976,
    0.10675120568334111,
    0.033200825127039625
  ],
  "grasp_translation": [
    -0.561699491739273,
    0.1050281673669815,
    0.1496952967196703
  ],
  "grasp_quaternion": [
    0.9877031389008547,
    0.013562932442009401,
    -0.15573690277772598,
    0.0021385467433557093
  ],
  "grasp_x_offset": -0.7,
  "grasp_y_offset": 0.0,
  "grasp_z_offset": 0.131
}