{
  "inference_time_s": 4.952027797698975,
  "obb_center": [
    0.12360789168557937,
    0.08132666116432073,
    0.01653192475356714
  ],
  "cog_pcd": [
    0.11704521626234055,
    0.09585464745759964,
    0.03838092461228371
  ],
  "cog_mean": [
    0.11835775581733667,
    0.09294905466929222,
    0.03401112538559845
  ],
  "grasp_translation": [
    -0.5811770528554916,
    0.09349773079156876,
    0.15042622661590577
  ],
  "grasp_quaternion": [
    0.054474302735255054,
    0.9929221733754499,
    -0.005781353944360554,
    0.10537876402506793
  ],
  "grasp_x_offset": -0.7,
  "grasp_y_offset": 0.0,
  "grasp_z_offset": 0.131
}