{
  "inference_time_s": 9.5016348361969,
  "obb_center": [
    0.11041670966369023,
    0.09105773194002652,
    0.01371745739829083
  ],
  "cog_pcd": [
    0.11092234402894974,
    0.09982899576425552,
    0.037444230169057846
  ],
  "cog_mean": [
    0.11082121715589784,
    0.09807474448952584,
    0.032698876732491534
  ],
  "grasp_translation": [
    -0.5894887119531631,
    0.10394030064344406,
    0.15023021115362645
  ],
  "grasp_quaternion": [
    0.03554193869183358,
    0.9954597734231608,
    -0.003150602337900173,
    0.0882421882958709
  ],
  "grasp_x_offset": -0.7,
  "grasp_y_offset": 0.0,
  "grasp_z_offset": 0.131
}