{
  "inference_time_s": 4.391497850418091,
  "obb_center": [
    -0.0018045474770505374,
    0.08350009472123163,
    0.016917178648232785
  ],
  "cog_pcd": [
    -0.0016282422002404928,
    0.09500742703676224,
    0.03648585453629494
  ],
  "cog_mean": [
    -0.0016635032323194373,
    0.09270596206377224,
    0.032572118986153475
  ],
  "grasp_translation": [
    -0.709260251186788,
    0.09430500119924545,
    0.14671637019515038
  ],
  "grasp_quaternion": [
    0.0669563767782017,
    0.9839620078887027,
    -0.01122470050502729,
    0.1649533774705458
  ],
  "grasp_x_offset": -0.7,
  "grasp_y_offset": 0.0,
  "grasp_z_offset": 0.131
}