{
  "inference_time_s": 6.984380483627319,
  "obb_center": [
    -0.16599962389596942,
    0.08372043116003736,
    0.014833647106268411
  ],
  "cog_pcd": [
    -0.14991819858551025,
    0.09884725511074066,
    0.03175187483429909
  ],
  "cog_mean": [
    -0.1531344836476021,
    0.09582188883048388,
    0.028368230406280042
  ],
  "grasp_translation": [
    -0.8643579751253128,
    0.1069052517414093,
    0.14261296293139458
  ],
  "grasp_quaternion": [
    -0.16712304539302097,
    -0.9845322916963242,
    -0.008801734215631433,
    0.05185155523746992
  ],
  "grasp_x_offset": -0.7,
  "grasp_y_offset": 0.0,
  "grasp_z_offset": 0.131
}