{
  "inference_time_s": 8.001412391662598,
  "obb_center": [
    0.14806374870083922,
    -0.04291083747163121,
    0.017959418857718182
  ],
  "cog_pcd": [
    0.1413804441690445,
    -0.023198725655674934,
    0.03884880244731903
  ],
  "cog_mean": [
    0.14271710805563567,
    -0.02714114839139522,
    0.03467092647445692
  ],
  "grasp_translation": [
    -0.554834109544754,
    -0.02482142299413681,
    0.15426390519738198
  ],
  "grasp_quaternion": [
    0.017040845649319986,
    0.9698399523880463,
    0.0526528989156036,
    0.2373768071385491
  ],
  "grasp_x_offset": -0.7,
  "grasp_y_offset": 0.0,
  "grasp_z_offset": 0.131
}