{
  "inference_time_s": 6.840469598770142,
  "obb_center": [
    0.11452507147532334,
    -0.052435949482764525,
    0.006628106467939519
  ],
  "cog_pcd": [
    0.007827305234968662,
    -0.04255565255880356,
    0.03547028824687004
  ],
  "cog_mean": [
    0.0291668584830396,
    -0.044531712688653816,
    0.029701852263612966
  ],
  "grasp_translation": [
    -0.7050833290442824,
    -0.04635835066437721,
    0.14546773391216994
  ],
  "grasp_quaternion": [
    0.018992544944103584,
    0.999625881982127,
    -0.00037388278131538264,
    0.019678402365714772
  ],
  "grasp_x_offset": -0.7,
  "grasp_y_offset": 0.0,
  "grasp_z_offset": 0.131
}