{
  "inference_time_s": 11.772906303405762,
  "obb_center": [
    -0.017454084223908973,
    -0.03597324094613592,
    0.017924254507539154
  ],
  "cog_pcd": [
    -0.012202899903059006,
    -0.012928345240652561,
    0.03519337996840477
  ],
  "cog_mean": [
    -0.013253136580964484,
    -0.017537324381749233,
    0.0317395556212897
  ],
  "grasp_translation": [
    -0.7099283084273338,
    0.029977481812238693,
    0.15551438456773758
  ],
  "grasp_quaternion": [
    0.1368333963232779,
    0.9790712192772224,
    -0.14500063546924657,
    0.04087768275189447
  ],
  "grasp_x_offset": -0.7,
  "grasp_y_offset": 0.0,
  "grasp_z_offset": 0.131
}