{
  "inference_time_s": 10.158704042434692,
  "obb_center": [
    -0.015303820433121599,
    -0.04906976016988547,
    0.016971865810263838
  ],
  "cog_pcd": [
    -0.01308105606585741,
    -0.025343695655465126,
    0.03536635637283325
  ],
  "cog_mean": [
    -0.013525609311839278,
    -0.030088909675936283,
    0.03168745937790646
  ],
  "grasp_translation": [
    -0.7143427606672048,
    0.01798226870596409,
    0.15261189168691636
  ],
  "grasp_quaternion": [
    0.131926663347089,
    0.9709074846899969,
    -0.15287382311498213,
    0.12869967318240091
  ],
  "grasp_x_offset": -0.7,
  "grasp_y_offset": 0.0,
  "grasp_z_offset": 0.131
}