{
  "inference_time_s": 9.197674989700317,
  "obb_center": [
    -0.026260813866332652,
    -0.05106595443140842,
    0.01548162489657988
  ],
  "cog_pcd": [
    -0.01981247030198574,
    -0.029055865481495857,
    0.035056222230196
  ],
  "cog_mean": [
    -0.021102138642326095,
    -0.03345788289894934,
    0.031141303136001806
  ],
  "grasp_translation": [
    -0.7195562224835157,
    0.014838004484772682,
    0.1538493306785822
  ],
  "grasp_quaternion": [
    0.11687427696281243,
    0.9774237136519627,
    -0.1484159876881426,
    0.09463605007489762
  ],
  "grasp_x_offset": -0.7,
  "grasp_y_offset": 0.0,
  "grasp_z_offset": 0.131
}