{
  "inference_time_s": 6.69710111618042,
  "obb_center": [
    -0.011475152315745717,
    -0.036377668761947105,
    0.018837821605657157
  ],
  "cog_pcd": [
    -0.0048464019782841206,
    -0.015216347761452198,
    0.03472846373915672
  ],
  "cog_mean": [
    -0.006172152185474827,
    -0.019448611775286666,
    0.031550336057514866
  ],
  "grasp_translation": [
    -0.6988461565226316,
    0.028017153963446617,
    0.15352204343676568
  ],
  "grasp_quaternion": [
    0.24670471509074562,
    0.9594502898461323,
    -0.08922991854280968,
    0.10310163191244993
  ],
  "grasp_x_offset": -0.7,
  "grasp_y_offset": 0.0,
  "grasp_z_offset": 0.131
}