{
  "inference_time_s": 5.608688116073608,
  "obb_center": [
    -0.13998517670606464,
    -0.05019655969836932,
    0.015243183964498475
  ],
  "cog_pcd": [
    -0.13557244837284088,
    -0.030955513939261436,
    0.03186291828751564
  ],
  "cog_mean": [
    -0.13645499552960175,
    -0.03480372309108301,
    0.028538971050383177
  ],
  "grasp_translation": [
    -0.8462278068065643,
    -0.025970125570893288,
    0.15040672099590302
  ],
  "grasp_quaternion": [
    -0.06549964744287247,
    -0.9791387562499628,
    -0.012838345437493058,
    0.191917349608009
  ],
  "grasp_x_offset": -0.7,
  "grasp_y_offset": 0.0,
  "grasp_z_offset": 0.131
}