{
  "inference_time_s": 5.211881637573242,
  "obb_center": [
    0.1475113925541616,
    -0.1637534872113816,
    0.0020192922916216494
  ],
  "cog_pcd": [
    0.12297968566417694,
    -0.14050163328647614,
    0.037005770951509476
  ],
  "cog_mean": [
    0.12788602555205775,
    -0.14515200407145723,
    0.03000847596458997
  ],
  "grasp_translation": [
    -0.5718108832836151,
    -0.14250680804252625,
    0.14731367020308972
  ],
  "grasp_quaternion": [
    0.13121868199501713,
    0.9779284290026671,
    0.03936305171659827,
    0.15775992965079286
  ],
  "grasp_x_offset": -0.7,
  "grasp_y_offset": 0.0,
  "grasp_z_offset": 0.131
}