{
  "inference_time_s": 7.99728536605835,
  "obb_center": [
    -0.017844840370664167,
    -0.16611953106665603,
    0.024603323463380275
  ],
  "cog_pcd": [
    -0.013194959610700607,
    -0.15684710443019867,
    0.034064389765262604
  ],
  "cog_mean": [
    -0.01412493576269332,
    -0.15870159273772239,
    0.03217217650488614
  ],
  "grasp_translation": [
    -0.720196508616209,
    -0.15343205630779266,
    0.1415908652767539
  ],
  "grasp_quaternion": [
    0.12335827667323976,
    0.989292612594652,
    -0.00965044200688242,
    0.0773933537904135
  ],
  "grasp_x_offset": -0.7,
  "grasp_y_offset": 0.0,
  "grasp_z_offset": 0.131
}