{
  "inference_time_s": 4.598557949066162,
  "obb_center": [
    -0.15582527145867273,
    -0.18702313133183937,
    0.022220049262187482
  ],
  "cog_pcd": [
    -0.14663350582122803,
    -0.17541351914405823,
    0.031246721744537354
  ],
  "cog_mean": [
    -0.1484718604388331,
    -0.17773544754207893,
    0.02944138762059641
  ],
  "grasp_translation": [
    -0.8486832201480865,
    -0.14272157847881317,
    0.14603326743841172
  ],
  "grasp_quaternion": [
    0.08481975123432801,
    0.9937217854465192,
    0.058504982439557304,
    0.04358658003647729
  ],
  "grasp_x_offset": -0.7,
  "grasp_y_offset": 0.0,
  "grasp_z_offset": 0.131
}