{
  "inference_time_s": 5.950578689575195,
  "obb_center": [
    -0.01463715008732926,
    0.09229331657398918,
    0.012006305367168742
  ],
  "cog_pcd": [
    -0.010162916034460068,
    0.08289698511362076,
    0.035020288079977036
  ],
  "cog_mean": [
    -0.01105776340382745,
    0.08477625140569445,
    0.030417491164886346
  ],
  "grasp_translation": [
    -0.6973520832136273,
    0.08409055322408676,
    0.1470086378455162
  ],
  "grasp_quaternion": [
    0.979629043639229,
    0.028500099056209066,
    -0.1881199594236471,
    0.06423053852118459
  ],
  "grasp_x_offset": -0.7,
  "grasp_y_offset": 0.0,
  "grasp_z_offset": 0.131
}