{
  "inference_time_s": 41.90992212295532,
  "obb_center": [
    0.06931963834913249,
    0.17691325668190258,
    0.015281096668536252
  ],
  "cog_pcd": [
    0.0560610294342041,
    0.1817249059677124,
    0.03662749379873276
  ],
  "cog_mean": [
    0.05871275345236396,
    0.18076258207101492,
    0.032358214745222484
  ],
  "grasp_translation": [
    -0.6431561902165412,
    0.1751466989517212,
    0.1456386567503214
  ],
  "grasp_quaternion": [
    -0.75547566958039,
    0.6411670239812762,
    0.13103480548292437,
    0.03148396072775902
  ],
  "grasp_x_offset": -0.7,
  "grasp_y_offset": 0.0,
  "grasp_z_offset": 0.131
}