{
  "inference_time_s": 5.36501669883728,
  "obb_center": [
    -0.009249327688266758,
    0.16682797036947689,
    0.013981364174347932
  ],
  "cog_pcd": [
    -0.012566416524350643,
    0.1711760312318802,
    0.03510996699333191
  ],
  "cog_mean": [
    -0.011902999129662896,
    0.1703064160791673,
    0.030884246429535113
  ],
  "grasp_translation": [
    -0.738297988474369,
    0.17077568173408508,
    0.14874149760603905
  ],
  "grasp_quaternion": [
    0.6694124712640073,
    -0.7127168927151031,
    0.09531554090210922,
    0.18664544413749048
  ],
  "grasp_x_offset": -0.7,
  "grasp_y_offset": 0.0,
  "grasp_z_offset": 0.131
}