{
  "inference_time_s": 12.825964450836182,
  "obb_center": [
    -0.17306983734213593,
    0.12333419726152522,
    0.011303297877501534
  ],
  "cog_pcd": [
    -0.16241131722927094,
    0.11919853836297989,
    0.031681522727012634
  ],
  "cog_mean": [
    -0.1645430182716117,
    0.1200256731229212,
    0.027605878874697502
  ],
  "grasp_translation": [
    -0.8533050239086151,
    0.0951291173696518,
    0.1441952576339245
  ],
  "grasp_quaternion": [
    0.9908517369863714,
    -0.016271548903272343,
    -0.12035929819173176,
    0.05883630975998335
  ],
  "grasp_x_offset": -0.7,
  "grasp_y_offset": 0.0,
  "grasp_z_offset": 0.131
}