{
  "inference_time_s": 6.451563835144043,
  "obb_center": [
    -0.07677890407093346,
    0.1705760967265632,
    0.012261018812939726
  ],
  "cog_pcd": [
    -0.0870959460735321,
    0.17231011390686035,
    0.03429056704044342
  ],
  "cog_mean": [
    -0.08503253767301237,
    0.17196331345103316,
    0.02988465851252977
  ],
  "grasp_translation": [
    -0.8055157482624054,
    0.16747918725013733,
    0.1460407925248146
  ],
  "grasp_quaternion": [
    0.6612153628685924,
    -0.7336549818151719,
    0.052140885998666904,
    0.14773604696082254
  ],
  "grasp_x_offset": -0.7,
  "grasp_y_offset": 0.0,
  "grasp_z_offset": 0.131
}