{
  "inference_time_s": 6.542413711547852,
  "obb_center": [
    0.059395047524646825,
    -0.061840554693432886,
    0.01691716925253576
  ],
  "cog_pcd": [
    0.04644519090652466,
    -0.04535962641239166,
    0.0351564846932888
  ],
  "cog_mean": [
    0.04903516297520715,
    -0.048655813558716024,
    0.03150862123260916
  ],
  "grasp_translation": [
    -0.6524250999093055,
    -0.0627940371632576,
    0.1455191475749016
  ],
  "grasp_quaternion": [
    -0.6948104141944978,
    0.6978533615927829,
    0.1575098637296903,
    0.07368729109132544
  ],
  "grasp_x_offset": -0.7,
  "grasp_y_offset": 0.0,
  "grasp_z_offset": 0.131
}