{
  "inference_time_s": 4.6821980476379395,
  "obb_center": [
    -0.018674994656809423,
    -0.07178574321529355,
    0.018212955206731184
  ],
  "cog_pcd": [
    -0.02151457965373993,
    -0.058969296514987946,
    0.03257381170988083
  ],
  "cog_mean": [
    -0.02094666339941189,
    -0.06153258585504907,
    0.02970164115430896
  ],
  "grasp_translation": [
    -0.766200777888298,
    -0.06509145349264145,
    0.1518401158452034
  ],
  "grasp_quaternion": [
    0.7310774408098882,
    -0.6774051772134161,
    -0.0031054533194459426,
    0.08147611664166232
  ],
  "grasp_x_offset": -0.7,
  "grasp_y_offset": 0.0,
  "grasp_z_offset": 0.131
}