{
  "inference_time_s": 5.66245174407959,
  "obb_center": [
    0.13460680720952015,
    -0.07032206900747202,
    0.02106445720449926
  ],
  "cog_pcd": [
    0.1231866106390953,
    -0.06034959852695465,
    0.03517264500260353
  ],
  "cog_mean": [
    0.12547065293341253,
    -0.062344094113174243,
    0.03235100744298268
  ],
  "grasp_translation": [
    -0.5633491843938827,
    -0.0641847774386406,
    0.1506279175579548
  ],
  "grasp_quaternion": [
    -0.9910274116339632,
    0.0538666199672205,
    0.12214327708115336,
    0.00663901402851568
  ],
  "grasp_x_offset": -0.7,
  "grasp_y_offset": 0.0,
  "grasp_z_offset": 0.131
}