{
  "inference_time_s": 10.99025297164917,
  "obb_center": [
    0.010599075905374993,
    -0.09841588611117565,
    0.018944343981451187
  ],
  "cog_pcd": [
    0.01789015904068947,
    -0.08959503471851349,
    0.03320617973804474
  ],
  "cog_mean": [
    0.016431942786155604,
    -0.09135920797727816,
    0.030353813331784087
  ],
  "grasp_translation": [
    -0.6529245346784591,
    -0.1300305724143982,
    0.1589312301427126
  ],
  "grasp_quaternion": [
    -0.9252633792166588,
    -0.37931631508360886,
    -0.0024149618924749205,
    0.0009900257674276213
  ],
  "grasp_x_offset": -0.7,
  "grasp_y_offset": 0.0,
  "grasp_z_offset": 0.131
}