{
  "inference_time_s": 7.058879137039185,
  "obb_center": [
    0.011096821722580063,
    -0.09837467185342551,
    0.019649074033314937
  ],
  "cog_pcd": [
    0.017791852355003357,
    -0.0896611139178276,
    0.033249642699956894
  ],
  "cog_mean": [
    0.016452846414783215,
    -0.0914038269950633,
    0.03052952933915753
  ],
  "grasp_translation": [
    -0.6518419839441776,
    -0.1298263967037201,
    0.1585973677635193
  ],
  "grasp_quaternion": [
    0.9281786888842937,
    0.3721291550053882,
    -0.001905258081614052,
    0.0007638636345319879
  ],
  "grasp_x_offset": -0.7,
  "grasp_y_offset": 0.0,
  "grasp_z_offset": 0.131
}