{
  "inference_time_s": 4.380924701690674,
  "obb_center": [
    0.005152724906406207,
    -0.053634149803028504,
    0.016333390082453113
  ],
  "cog_pcd": [
    0.0072620101273059845,
    -0.05138952285051346,
    0.032858964055776596
  ],
  "cog_mean": [
    0.006840153362522802,
    -0.051838448241016466,
    0.02955385000616996
  ],
  "grasp_translation": [
    -0.6855602364987134,
    -0.0464688204228878,
    0.1472032898515463
  ],
  "grasp_quaternion": [
    -0.9364104448674881,
    -0.3186744053043192,
    0.14623037795918717,
    0.014098890343730484
  ],
  "grasp_x_offset": -0.7,
  "grasp_y_offset": 0.0,
  "grasp_z_offset": 0.131
}