{
  "inference_time_s": 4.839435338973999,
  "obb_center": [
    0.001148362461373841,
    -0.058450613147578934,
    0.01754562178549185
  ],
  "cog_pcd": [
    -0.001360423513688147,
    -0.055243514478206635,
    0.03313947468996048
  ],
  "cog_mean": [
    -0.000858666295392685,
    -0.05588493644725527,
    0.030020704109066754
  ],
  "grasp_translation": [
    -0.689241698756814,
    -0.05849723890423775,
    0.14897915250062943
  ],
  "grasp_quaternion": [
    0.9884111490249327,
    0.08079964642659568,
    -0.12808274176141493,
    0.010470381245605497
  ],
  "grasp_x_offset": -0.7,
  "grasp_y_offset": 0.0,
  "grasp_z_offset": 0.131
}