{
  "inference_time_s": 4.895665407180786,
  "obb_center": [
    -0.03469387810643551,
    -0.048046028527616615,
    0.01675399775170832
  ],
  "cog_pcd": [
    -0.034293025732040405,
    -0.0349460206925869,
    0.032861851155757904
  ],
  "cog_mean": [
    -0.03437319732450651,
    -0.0375660230046509,
    0.029640281220006046
  ],
  "grasp_translation": [
    -0.7754527300596237,
    -0.01176685094833374,
    0.15185590735077859
  ],
  "grasp_quaternion": [
    0.46917189051723307,
    -0.8429562708138443,
    0.0005391641322108395,
    0.2632530568600127
  ],
  "grasp_x_offset": -0.7,
  "grasp_y_offset": 0.0,
  "grasp_z_offset": 0.131
}