{
  "inference_time_s": 7.430129528045654,
  "obb_center": [
    -0.011301492175316301,
    -0.04734089046712978,
    0.01444555683571649
  ],
  "cog_pcd": [
    -0.012683641165494919,
    -0.02949465438723564,
    0.034235574305057526
  ],
  "cog_mean": [
    -0.01240721155372371,
    -0.03306390234827253,
    0.03027757043866029
  ],
  "grasp_translation": [
    -0.7190484747290611,
    -0.033287566155195236,
    0.14661998389661313
  ],
  "grasp_quaternion": [
    -0.31100540770067764,
    0.9185401028117445,
    0.18919586115293907,
    0.15415784777338853
  ],
  "grasp_x_offset": -0.7,
  "grasp_y_offset": 0.0,
  "grasp_z_offset": 0.131
}