{
  "inference_time_s": 6.218099117279053,
  "obb_center": [
    -0.025406011915713816,
    -0.026654277344655343,
    0.01864114956030171
  ],
  "cog_pcd": [
    -0.025398550555109978,
    -0.011182613670825958,
    0.033656708896160126
  ],
  "cog_mean": [
    -0.025400043944817836,
    -0.014276946405591837,
    0.030653598146575534
  ],
  "grasp_translation": [
    -0.758903694152832,
    0.019206151366233826,
    0.14963611675798894
  ],
  "grasp_quaternion": [
    0.3484355494256654,
    -0.9352708015909431,
    -0.0580992534513324,
    0.02203797486765824
  ],
  "grasp_x_offset": -0.7,
  "grasp_y_offset": 0.0,
  "grasp_z_offset": 0.131
}