{
  "inference_time_s": 13.08224105834961,
  "obb_center": [
    -0.005607747439446108,
    -0.07033695784728035,
    0.016338142075069645
  ],
  "cog_pcd": [
    -0.006820280570536852,
    -0.048984043300151825,
    0.033736519515514374
  ],
  "cog_mean": [
    -0.0065777740374509605,
    -0.05325462546451947,
    0.030256844399954456
  ],
  "grasp_translation": [
    -0.7196494050323963,
    -0.04393361508846283,
    0.14281717030704022
  ],
  "grasp_quaternion": [
    -0.182750118365419,
    0.9722577082252104,
    0.08399079751336033,
    0.1194273376039041
  ],
  "grasp_x_offset": -0.7,
  "grasp_y_offset": 0.0,
  "grasp_z_offset": 0.131
}