{
  "inference_time_s": 5.67887544631958,
  "obb_center": [
    -0.031110848829851066,
    -0.06941737669371445,
    0.018243881995133916
  ],
  "cog_pcd": [
    -0.03346218168735504,
    -0.05298791080713272,
    0.03243240341544151
  ],
  "cog_mean": [
    -0.03299191586091231,
    -0.056273803239391004,
    0.029594698758850964
  ],
  "grasp_translation": [
    -0.7614255182445049,
    -0.04592335969209671,
    0.1483499770462513
  ],
  "grasp_quaternion": [
    -0.4062361569805967,
    0.8825108084307163,
    0.14803587221003292,
    0.1850195619484985
  ],
  "grasp_x_offset": -0.7,
  "grasp_y_offset": 0.0,
  "grasp_z_offset": 0.131
}