{
  "inference_time_s": 8.296505689620972,
  "obb_center": [
    -0.012036661875587312,
    -0.05207000197885481,
    0.017009676505583635
  ],
  "cog_pcd": [
    -0.0034907907247543335,
    -0.03078341670334339,
    0.03665631264448166
  ],
  "cog_mean": [
    -0.005199965048053187,
    -0.03504073413097471,
    0.03272698653428914
  ],
  "grasp_translation": [
    -0.6730625934898853,
    -0.00762183777987957,
    0.15607855743169785
  ],
  "grasp_quaternion": [
    0.48032737417656163,
    0.8712318190907079,
    0.015101292278351428,
    0.1000633898689688
  ],
  "grasp_x_offset": -0.7,
  "grasp_y_offset": 0.0,
  "grasp_z_offset": 0.131
}