{
  "inference_time_s": 4.542080640792847,
  "obb_center": [
    0.006855115437992004,
    -0.04615692788843824,
    0.015732100358858678
  ],
  "cog_pcd": [
    0.010945325717329979,
    -0.024753404781222343,
    0.03645167499780655
  ],
  "cog_mean": [
    0.01012728347519787,
    -0.029034110520252614,
    0.03230775969748795
  ],
  "grasp_translation": [
    -0.6578866213560104,
    0.007470394019037485,
    0.1618532603085041
  ],
  "grasp_quaternion": [
    0.4764289711983715,
    0.8726533604138516,
    0.011804954083601653,
    0.10654666123515025
  ],
  "grasp_x_offset": -0.7,
  "grasp_y_offset": 0.0,
  "grasp_z_offset": 0.131
}