{
  "inference_time_s": 3.817026138305664,
  "obb_center": [
    -0.011099150622172219,
    -0.06194808735810289,
    0.012882365918844872
  ],
  "cog_pcd": [
    -0.004440645687282085,
    -0.03709159791469574,
    0.036056146025657654
  ],
  "cog_mean": [
    -0.005772346813958499,
    -0.04206289580337717,
    0.03142139037682413
  ],
  "grasp_translation": [
    -0.6767570737749338,
    -0.011351419612765312,
    0.15766601911187172
  ],
  "grasp_quaternion": [
    0.3808088622946972,
    0.9176453291222516,
    0.01992650957963354,
    0.1118686486639832
  ],
  "grasp_x_offset": -0.7,
  "grasp_y_offset": 0.0,
  "grasp_z_offset": 0.131
}