{
  "inference_time_s": 10.435323476791382,
  "obb_center": [
    -0.1758461155850581,
    -0.05455629592043523,
    0.02035908863629234
  ],
  "cog_pcd": [
    -0.16386114060878754,
    -0.05527850612998009,
    0.03179237246513367
  ],
  "cog_mean": [
    -0.16625813560404165,
    -0.05513406483312917,
    0.0295057156993654
  ],
  "grasp_translation": [
    -0.8612460911273956,
    -0.06432589143514633,
    0.14258121135085822
  ],
  "grasp_quaternion": [
    0.9834038098900493,
    -0.1329015920840656,
    -0.11456832670026909,
    0.046132548513568995
  ],
  "grasp_x_offset": -0.7,
  "grasp_y_offset": 0.0,
  "grasp_z_offset": 0.131
}