{
  "inference_time_s": 3.747725486755371,
  "obb_center": [
    -0.030444188056176665,
    -0.06837784213341952,
    0.015036562007233592
  ],
  "cog_pcd": [
    -0.03121069073677063,
    -0.05151687189936638,
    0.03298043832182884
  ],
  "cog_mean": [
    -0.031057390945709897,
    -0.054889065946177006,
    0.02939166417649688
  ],
  "grasp_translation": [
    -0.7264931004494428,
    -0.06604862213134766,
    0.14203389356285334
  ],
  "grasp_quaternion": [
    0.8958370405022155,
    -0.4374154419999098,
    -0.07035217462246073,
    0.03455863843015911
  ],
  "grasp_x_offset": -0.7,
  "grasp_y_offset": 0.0,
  "grasp_z_offset": 0.131
}