{
  "inference_time_s": 10.453542232513428,
  "obb_center": [
    0.16653938182777464,
    -0.18714341088548844,
    0.01386861915092031
  ],
  "cog_pcd": [
    0.12760937213897705,
    -0.17336873710155487,
    0.03192983940243721
  ],
  "cog_mean": [
    0.13539537407673657,
    -0.17612366887810935,
    0.02831759609719189
  ],
  "grasp_translation": [
    -0.5609704971313476,
    -0.18393456935882568,
    0.1517313969731331
  ],
  "grasp_quaternion": [
    -0.9758325292875055,
    0.058643724745799625,
    0.19841941925615808,
    0.07029596285945108
  ],
  "grasp_x_offset": -0.7,
  "grasp_y_offset": 0.0,
  "grasp_z_offset": 0.131
}