{
  "inference_time_s": 4.279805898666382,
  "obb_center": [
    -0.0160512114118999,
    -0.1762291565050485,
    0.019755718063070665
  ],
  "cog_pcd": [
    -0.022745465859770775,
    -0.1868346929550171,
    0.03425704315304756
  ],
  "cog_mean": [
    -0.02140661459766757,
    -0.18471358268479113,
    0.03135677813505218
  ],
  "grasp_translation": [
    -0.7101773552596569,
    -0.19134479761123657,
    0.14795160754024983
  ],
  "grasp_quaternion": [
    -0.9922632289173833,
    0.019886962350625217,
    0.12252413289262983,
    0.0024556314509121295
  ],
  "grasp_x_offset": -0.7,
  "grasp_y_offset": 0.0,
  "grasp_z_offset": 0.131
}