{
  "inference_time_s": 8.074833869934082,
  "obb_center": [
    -0.17524808931912894,
    -0.18379254212881468,
    0.0096247399078961
  ],
  "cog_pcd": [
    -0.1594274789094925,
    -0.18208999931812286,
    0.028902389109134674
  ],
  "cog_mean": [
    -0.16259160695188427,
    -0.18243051682095796,
    0.02504686001394502
  ],
  "grasp_translation": [
    -0.8551175862550735,
    -0.19973398745059967,
    0.14359052008390427
  ],
  "grasp_quaternion": [
    -0.9943658946366407,
    0.021019169603426563,
    0.10387415898990027,
    0.0021957201088538057
  ],
  "grasp_x_offset": -0.7,
  "grasp_y_offset": 0.0,
  "grasp_z_offset": 0.131
}