{
  "inference_time_s": 6.992125749588013,
  "obb_center": [
    -0.019128783973149308,
    -0.07336110409644063,
    0.017259266444308273
  ],
  "cog_pcd": [
    -0.013902067206799984,
    -0.054198767989873886,
    0.03489871323108673
  ],
  "cog_mean": [
    -0.014947410746334364,
    -0.05803123595624529,
    0.03137082350120201
  ],
  "grasp_translation": [
    -0.722545751184225,
    -0.050739411264657974,
    0.1438585919737816
  ],
  "grasp_quaternion": [
    0.12205782288183846,
    0.9859957610286322,
    -0.013961197521744824,
    0.11278001627360042
  ],
  "grasp_x_offset": -0.7,
  "grasp_y_offset": 0.0,
  "grasp_z_offset": 0.131
}