{
  "inference_time_s": 4.241331100463867,
  "obb_center": [
    0.08587635878627546,
    0.12419871252783608,
    0.016197723682468374
  ],
  "cog_pcd": [
    0.08266137540340424,
    0.11281076818704605,
    0.040841396898031235
  ],
  "cog_mean": [
    0.08330437506021073,
    0.11508835705520407,
    0.035912661509860604
  ],
  "grasp_translation": [
    -0.6107626751065254,
    0.09059874713420868,
    0.15709813772141934
  ],
  "grasp_quaternion": [
    -0.990745457693666,
    0.008923969006074423,
    0.13543379448399392,
    0.001219896804814687
  ],
  "grasp_x_offset": -0.7,
  "grasp_y_offset": 0.0,
  "grasp_z_offset": 0.131
}