{
  "inference_time_s": 3.2448947429656982,
  "obb_center": [
    0.08691016833291008,
    0.11778475328219376,
    0.017917064553631342
  ],
  "cog_pcd": [
    0.07900388538837433,
    0.10821159183979034,
    0.040740855038166046
  ],
  "cog_mean": [
    0.08058514495751372,
    0.11012622263815491,
    0.0361760969412591
  ],
  "grasp_translation": [
    -0.6141638725996017,
    0.0870816707611084,
    0.156059400126338
  ],
  "grasp_quaternion": [
    -0.9832724668110229,
    0.03867561230913111,
    0.17784970204215506,
    0.006995463343926432
  ],
  "grasp_x_offset": -0.7,
  "grasp_y_offset": 0.0,
  "grasp_z_offset": 0.131
}