{
  "inference_time_s": 9.519040584564209,
  "obb_center": [
    0.09980798247221329,
    0.10024806704592538,
    0.020076076285234102
  ],
  "cog_pcd": [
    0.09780550748109818,
    0.09280970692634583,
    0.039953794330358505
  ],
  "cog_mean": [
    0.09820600694966955,
    0.0942973834206101,
    0.03597825072133362
  ],
  "grasp_translation": [
    -0.5931128978729248,
    0.07434535026550293,
    0.15381388267874718
  ],
  "grasp_quaternion": [
    -0.9712845308855889,
    0.006741727215762355,
    0.23781964660746943,
    0.0016507162106724018
  ],
  "grasp_x_offset": -0.7,
  "grasp_y_offset": 0.0,
  "grasp_z_offset": 0.131
}