{
  "inference_time_s": 6.1676716804504395,
  "obb_center": [
    -0.01736625845983226,
    0.08280940364535545,
    0.015664033985018505
  ],
  "cog_pcd": [
    -0.021185312420129776,
    0.07547970861196518,
    0.040345847606658936
  ],
  "cog_mean": [
    -0.020421502745657363,
    0.07694564761864324,
    0.03540948562738891
  ],
  "grasp_translation": [
    -0.7095683112740516,
    0.05787539482116699,
    0.15274804918468
  ],
  "grasp_quaternion": [
    -0.9887508341673237,
    0.009722786440933107,
    0.1492484554248555,
    0.0014676207073661804
  ],
  "grasp_x_offset": -0.7,
  "grasp_y_offset": 0.0,
  "grasp_z_offset": 0.131
}