{
  "inference_time_s": 5.157820224761963,
  "obb_center": [
    -0.0101475302451553,
    0.11050674970890853,
    0.01787488210729178
  ],
  "cog_pcd": [
    -0.01349637471139431,
    0.10878705978393555,
    0.04083208739757538
  ],
  "cog_mean": [
    -0.012826606190675539,
    0.10913100074916238,
    0.03624064633951866
  ],
  "grasp_translation": [
    -0.6995602928102016,
    0.09484722465276718,
    0.1514070620238781
  ],
  "grasp_quaternion": [
    -0.9748138091673237,
    0.014445132013266165,
    0.22252753125911906,
    0.003297491400075484
  ],
  "grasp_x_offset": -0.7,
  "grasp_y_offset": 0.0,
  "grasp_z_offset": 0.131
}