{
  "inference_time_s": 8.180680990219116,
  "obb_center": [
    0.005092172773742782,
    0.11036565651516156,
    0.020638420116110515
  ],
  "cog_pcd": [
    0.004649060312658548,
    0.106007881462574,
    0.04110616073012352
  ],
  "cog_mean": [
    0.004737682898007653,
    0.10687943945332376,
    0.03701261335237898
  ],
  "grasp_translation": [
    -0.6828337542712688,
    0.09270666539669037,
    0.15130553482472897
  ],
  "grasp_quaternion": [
    0.9622652576465144,
    0.006086512772659924,
    -0.27203964319652413,
    0.001720702839977294
  ],
  "grasp_x_offset": -0.7,
  "grasp_y_offset": 0.0,
  "grasp_z_offset": 0.131
}