{
  "inference_time_s": 5.349558353424072,
  "obb_center": [
    -0.16831514090369476,
    0.09924302430668777,
    0.015036914195386605
  ],
  "cog_pcd": [
    -0.15983940660953522,
    0.09413313865661621,
    0.03964575380086899
  ],
  "cog_mean": [
    -0.16153455644859938,
    0.09515511727674664,
    0.034723986624830575
  ],
  "grasp_translation": [
    -0.8533673107624054,
    0.07505231350660324,
    0.14996266639232636
  ],
  "grasp_quaternion": [
    -0.9697814973027904,
    0.07162621854747458,
    0.23259067985944953,
    0.01717870624542107
  ],
  "grasp_x_offset": -0.7,
  "grasp_y_offset": 0.0,
  "grasp_z_offset": 0.131
}