{
  "inference_time_s": 7.427217721939087,
  "obb_center": [
    -0.14300545007872628,
    0.0996033818569763,
    0.01824616041481665
  ],
  "cog_pcd": [
    -0.1390102058649063,
    0.09696811437606812,
    0.03950365632772446
  ],
  "cog_mean": [
    -0.1398092532175542,
    0.09749516787224975,
    0.03525215863525902
  ],
  "grasp_translation": [
    -0.8306632459163665,
    0.07914397865533829,
    0.15051847970485688
  ],
  "grasp_quaternion": [
    -0.9721328568111163,
    0.08827905911462003,
    0.21628398058042214,
    0.019640676525592402
  ],
  "grasp_x_offset": -0.7,
  "grasp_y_offset": 0.0,
  "grasp_z_offset": 0.131
}