{
  "inference_time_s": 5.912702798843384,
  "obb_center": [
    -0.13135750220396158,
    0.09627631136219215,
    0.01884823286461925
  ],
  "cog_pcd": [
    -0.12433957308530807,
    0.09019087255001068,
    0.03954493999481201
  ],
  "cog_mean": [
    -0.12574315890903878,
    0.09140795882233085,
    0.0354055978237154
  ],
  "grasp_translation": [
    -0.8146434769034385,
    0.0729750245809555,
    0.15195159143209458
  ],
  "grasp_quaternion": [
    -0.9913838826433763,
    0.06191540301394291,
    0.11520725104601301,
    0.007195096315300879
  ],
  "grasp_x_offset": -0.7,
  "grasp_y_offset": 0.0,
  "grasp_z_offset": 0.131
}