{
  "inference_time_s": 6.758872985839844,
  "obb_center": [
    0.11446990500334056,
    -0.05901091368966617,
    0.024192140229711237
  ],
  "cog_pcd": [
    0.10662852227687836,
    -0.052405938506126404,
    0.038344744592905045
  ],
  "cog_mean": [
    0.10819680329251916,
    -0.05372693503295048,
    0.035514224837853374
  ],
  "grasp_translation": [
    -0.5831060975790023,
    -0.07431500405073166,
    0.15412741428613663
  ],
  "grasp_quaternion": [
    -0.9668842335793095,
    0.044293055181869045,
    0.2510790893484801,
    0.011501956805036687
  ],
  "grasp_x_offset": -0.7,
  "grasp_y_offset": 0.0,
  "grasp_z_offset": 0.131
}