{
  "inference_time_s": 6.336298942565918,
  "obb_center": [
    0.14328130847786388,
    -0.03096765764188051,
    0.02340684394392783
  ],
  "cog_pcd": [
    0.13481086492538452,
    -0.02511967532336712,
    0.03802012279629707
  ],
  "cog_mean": [
    0.13650495810622876,
    -0.026289272904656887,
    0.03509746814341031
  ],
  "grasp_translation": [
    -0.5578024804592132,
    -0.05022020265460014,
    0.15346023900806904
  ],
  "grasp_quaternion": [
    -0.9652658140900019,
    0.07171361922676678,
    0.2505445747665122,
    0.01861400068850833
  ],
  "grasp_x_offset": -0.7,
  "grasp_y_offset": 0.0,
  "grasp_z_offset": 0.131
}