{
  "inference_time_s": 5.027410507202148,
  "obb_center": [
    0.15997583010428362,
    -0.056101105794238264,
    0.02557851707797841
  ],
  "cog_pcd": [
    0.14674323797225952,
    -0.04770159348845482,
    0.03924400359392166
  ],
  "cog_mean": [
    0.14938975490854822,
    -0.04938149520455345,
    0.03651090778084913
  ],
  "grasp_translation": [
    -0.5455140590667724,
    -0.07278379797935486,
    0.15142281068861485
  ],
  "grasp_quaternion": [
    -0.9592566675014823,
    0.06978014463585464,
    0.27306192334390655,
    0.019863617200212215
  ],
  "grasp_x_offset": -0.7,
  "grasp_y_offset": 0.0,
  "grasp_z_offset": 0.131
}