{
  "inference_time_s": 4.963337421417236,
  "obb_center": [
    -0.02845003730180613,
    -0.041089523085010626,
    0.01633111458368641
  ],
  "cog_pcd": [
    -0.03157589212059975,
    -0.039127886295318604,
    0.03808995336294174
  ],
  "cog_mean": [
    -0.030950722274428112,
    -0.03952021514337313,
    0.033738186724677766
  ],
  "grasp_translation": [
    -0.7200681053102016,
    -0.05866355448961258,
    0.15268090082705021
  ],
  "grasp_quaternion": [
    0.9552051162675533,
    0.02817766676735184,
    -0.29447198006950565,
    0.008686651010758167
  ],
  "grasp_x_offset": -0.7,
  "grasp_y_offset": 0.0,
  "grasp_z_offset": 0.131
}