{
  "inference_time_s": 14.631346225738525,
  "obb_center": [
    -0.0083321669796559,
    -0.05123623619614498,
    0.019101527829146855
  ],
  "cog_pcd": [
    -0.012462073937058449,
    -0.04590899497270584,
    0.038749903440475464
  ],
  "cog_mean": [
    -0.01163609254557794,
    -0.04697444470750979,
    0.03482022869073877
  ],
  "grasp_translation": [
    -0.7011164043098688,
    -0.06805004924535751,
    0.1523766321539879
  ],
  "grasp_quaternion": [
    0.9635075389511356,
    0.014395386818810196,
    -0.2672640089560438,
    0.003993086451146801
  ],
  "grasp_x_offset": -0.7,
  "grasp_y_offset": 0.0,
  "grasp_z_offset": 0.131
}