{
  "inference_time_s": 17.984400987625122,
  "obb_center": [
    0.0025656990928214127,
    -0.013009850329847287,
    0.018080125939563978
  ],
  "cog_pcd": [
    -0.00153877935372293,
    -0.009896080009639263,
    0.03901892900466919
  ],
  "cog_mean": [
    -0.000717883641130997,
    -0.010518834073680868,
    0.03483116950923524
  ],
  "grasp_translation": [
    -0.6883155282586813,
    -0.02848942205309868,
    0.15364931984245778
  ],
  "grasp_quaternion": [
    0.964402713500255,
    0.02452125231741975,
    -0.263213457124015,
    0.00669256056787887
  ],
  "grasp_x_offset": -0.7,
  "grasp_y_offset": 0.0,
  "grasp_z_offset": 0.131
}