{
  "inference_time_s": 6.04207706451416,
  "obb_center": [
    -0.1486919789636914,
    -0.055258180571308366,
    0.017365661615479023
  ],
  "cog_pcd": [
    -0.1454201489686966,
    -0.04579617455601692,
    0.03850427642464638
  ],
  "cog_mean": [
    -0.1460745179479278,
    -0.04768857724919133,
    0.034276553835341936
  ],
  "grasp_translation": [
    -0.8434521675109863,
    -0.08486327528953552,
    0.15652546001970769
  ],
  "grasp_quaternion": [
    -0.9916721453589684,
    0.05595663801976811,
    0.11581237395500764,
    0.006534892468196469
  ],
  "grasp_x_offset": -0.7,
  "grasp_y_offset": 0.0,
  "grasp_z_offset": 0.131
}