{
  "inference_time_s": 7.472629070281982,
  "obb_center": [
    -0.09276503002515764,
    -0.03121397931018882,
    0.02126153521454876
  ],
  "cog_pcd": [
    -0.08691491186618805,
    -0.028191324323415756,
    0.03862406313419342
  ],
  "cog_mean": [
    -0.0880849384782142,
    -0.028795856065828428,
    0.035151557922793515
  ],
  "grasp_translation": [
    -0.7756407380104064,
    -0.04655398428440094,
    0.15158264426887036
  ],
  "grasp_quaternion": [
    0.977927875042144,
    0.050743867717009034,
    -0.20241495759271633,
    0.010503144644074834
  ],
  "grasp_x_offset": -0.7,
  "grasp_y_offset": 0.0,
  "grasp_z_offset": 0.131
}