{
  "inference_time_s": 6.53650164604187,
  "obb_center": [
    -0.1392023514680538,
    -0.02602104388106756,
    0.014269752901356288
  ],
  "cog_pcd": [
    -0.14006520807743073,
    -0.025348542258143425,
    0.03822503238916397
  ],
  "cog_mean": [
    -0.1398926352654392,
    -0.025483042582728252,
    0.03343397760918952
  ],
  "grasp_translation": [
    -0.8337882280349731,
    -0.04837021604180336,
    0.15197099274396897
  ],
  "grasp_quaternion": [
    -0.9784569736643082,
    0.05622201192724052,
    0.1983208985195778,
    0.011395493535785367
  ],
  "grasp_x_offset": -0.7,
  "grasp_y_offset": 0.0,
  "grasp_z_offset": 0.131
}