{
  "inference_time_s": 5.950565338134766,
  "obb_center": [
    0.11552196721525343,
    -0.17369438669657333,
    0.011800611777817225
  ],
  "cog_pcd": [
    0.1122942790389061,
    -0.16648802161216736,
    0.03566586226224899
  ],
  "cog_mean": [
    0.11293982114452392,
    -0.16792930058951303,
    0.03089281179283361
  ],
  "grasp_translation": [
    -0.5772156164050102,
    -0.1918719857931137,
    0.15328168398141861
  ],
  "grasp_quaternion": [
    -0.969336323404827,
    0.0436992665535777,
    0.23223678388225702,
    0.06740580422128345
  ],
  "grasp_x_offset": -0.7,
  "grasp_y_offset": 0.0,
  "grasp_z_offset": 0.131
}