{
  "inference_time_s": 6.626895427703857,
  "obb_center": [
    0.02411441404925012,
    -0.16304476452390237,
    0.01662851220857387
  ],
  "cog_pcd": [
    0.10789398103952408,
    -0.1617899239063263,
    0.03665347024798393
  ],
  "cog_mean": [
    0.09113806764146928,
    -0.16204090097053822,
    0.03264847938515998
  ],
  "grasp_translation": [
    -0.5812200427055358,
    -0.1647898554801941,
    0.157365727186203
  ],
  "grasp_quaternion": [
    -0.9890942561201207,
    0.027029590820657895,
    0.12982567488535082,
    0.06408781374657795
  ],
  "grasp_x_offset": -0.7,
  "grasp_y_offset": 0.0,
  "grasp_z_offset": 0.131
}