{
  "inference_time_s": 8.502274751663208,
  "obb_center": [
    0.11788332934040904,
    -0.14674206119730246,
    0.022745928694824905
  ],
  "cog_pcd": [
    0.11856292188167572,
    -0.14351531863212585,
    0.03825584053993225
  ],
  "cog_mean": [
    0.11842700486353851,
    -0.14416066714516118,
    0.035153859288497874
  ],
  "grasp_translation": [
    -0.5719039559364318,
    -0.1631552278995514,
    0.1526678846627474
  ],
  "grasp_quaternion": [
    0.9850383251576571,
    0.008523711566820774,
    -0.17211805859541252,
    0.0014893680101350512
  ],
  "grasp_x_offset": -0.7,
  "grasp_y_offset": 0.0,
  "grasp_z_offset": 0.131
}