{
  "inference_time_s": 5.779324531555176,
  "obb_center": [
    -0.039159257232226845,
    -0.14525882755928815,
    0.03227503701646436
  ],
  "cog_pcd": [
    -0.03544948250055313,
    -0.15899258852005005,
    0.04180804267525673
  ],
  "cog_mean": [
    -0.0361914378194169,
    -0.15624584228836214,
    0.03990144228855631
  ],
  "grasp_translation": [
    -0.7222755540162324,
    -0.17014814913272858,
    0.15404384112358094
  ],
  "grasp_quaternion": [
    0.9797422987178658,
    0.07195764781064842,
    -0.18638597205603702,
    0.013689209082963524
  ],
  "grasp_x_offset": -0.7,
  "grasp_y_offset": 0.0,
  "grasp_z_offset": 0.131
}