{
  "inference_time_s": 5.357771396636963,
  "obb_center": [
    -0.012818035852866736,
    -0.16508753408471316,
    0.02561052097238154
  ],
  "cog_pcd": [
    -0.021536780521273613,
    -0.17824767529964447,
    0.041206732392311096
  ],
  "cog_mean": [
    -0.019793031960121266,
    -0.17561564407642596,
    0.03808749234349937
  ],
  "grasp_translation": [
    -0.7082250498235225,
    -0.18133127689361572,
    0.1540800062417984
  ],
  "grasp_quaternion": [
    -0.9816400561025396,
    0.01782840571592592,
    0.17938605465433288,
    0.06233451371578987
  ],
  "grasp_x_offset": -0.7,
  "grasp_y_offset": 0.0,
  "grasp_z_offset": 0.131
}