{
  "inference_time_s": 8.25776720046997,
  "obb_center": [
    -0.0041421873614987115,
    -0.18675959156718436,
    -0.004512662246622716
  ],
  "cog_pcd": [
    -0.03224705159664154,
    -0.18381519615650177,
    0.04113107919692993
  ],
  "cog_mean": [
    -0.026626078377083945,
    -0.18440407225840605,
    0.032002330908219405
  ],
  "grasp_translation": [
    -0.7227038580924272,
    -0.2082860767841339,
    0.15329072153568268
  ],
  "grasp_quaternion": [
    0.9799582059469195,
    0.04511718872060069,
    -0.19382137318379256,
    0.008923518162344851
  ],
  "grasp_x_offset": -0.7,
  "grasp_y_offset": 0.0,
  "grasp_z_offset": 0.131
}