{
  "inference_time_s": 5.898184776306152,
  "obb_center": [
    -0.1798801183961441,
    -0.16934944379560912,
    -0.004471829526721004
  ],
  "cog_pcd": [
    -0.18529820442199707,
    -0.1654195338487625,
    0.03681015968322754
  ],
  "cog_mean": [
    -0.18421459317729094,
    -0.16620552179859632,
    0.0285537614687088
  ],
  "grasp_translation": [
    -0.8820977628231048,
    -0.17905369400978088,
    0.14848532429337502
  ],
  "grasp_quaternion": [
    -0.9853815769966037,
    0.009459897570765236,
    0.17009112746476154,
    0.0016329150018433536
  ],
  "grasp_x_offset": -0.7,
  "grasp_y_offset": 0.0,
  "grasp_z_offset": 0.131
}