{
  "inference_time_s": 5.952139377593994,
  "obb_center": [
    -0.03987240898453914,
    -0.16233582012169578,
    0.007855681494674308
  ],
  "cog_pcd": [
    -0.14354637265205383,
    -0.164255753159523,
    0.03843054175376892
  ],
  "cog_mean": [
    -0.12281158438889925,
    -0.16387177251242205,
    0.03231556970195
  ],
  "grasp_translation": [
    -0.8344301104545593,
    -0.17130431532859802,
    0.14806457510590554
  ],
  "grasp_quaternion": [
    0.98376238873624,
    0.008606722438542241,
    -0.17926245335713722,
    0.001568328158532361
  ],
  "grasp_x_offset": -0.7,
  "grasp_y_offset": 0.0,
  "grasp_z_offset": 0.131
}