{
  "inference_time_s": 3.8143227100372314,
  "obb_center": [
    0.0995249173840556,
    0.08643285284010588,
    0.02139767222153779
  ],
  "cog_pcd": [
    0.0965336486697197,
    0.10053206980228424,
    0.04127674549818039
  ],
  "cog_mean": [
    0.09713190539281912,
    0.09771222789996468,
    0.03730093233296799
  ],
  "grasp_translation": [
    -0.5976716101169586,
    0.13593053817749023,
    0.1617203233242035
  ],
  "grasp_quaternion": [
    -0.03965068134795566,
    0.996690341454624,
    0.063348444457413,
    0.03198689269894815
  ],
  "grasp_x_offset": -0.7,
  "grasp_y_offset": 0.0,
  "grasp_z_offset": 0.131
}