{
  "inference_time_s": 7.575622320175171,
  "obb_center": [
    0.09045702671907961,
    0.11129622225757482,
    0.01640274095338916
  ],
  "cog_pcd": [
    0.08397644758224487,
    0.12146645784378052,
    0.04239131137728691
  ],
  "cog_mean": [
    0.08527256787996018,
    0.11943241370677161,
    0.03719359803756542
  ],
  "grasp_translation": [
    -0.6089066833257675,
    0.14314308762550354,
    0.1586908352971077
  ],
  "grasp_quaternion": [
    -0.0030687685765735883,
    0.998061596541834,
    0.062141860253632504,
    0.0014217496286457756
  ],
  "grasp_x_offset": -0.7,
  "grasp_y_offset": 0.0,
  "grasp_z_offset": 0.131
}