{
  "inference_time_s": 8.066771507263184,
  "obb_center": [
    0.12342495760392538,
    0.09234518669020333,
    0.014639957842469187
  ],
  "cog_pcd": [
    0.11449625343084335,
    0.1038527861237526,
    0.04278671741485596
  ],
  "cog_mean": [
    0.11628199724569199,
    0.10155126623704275,
    0.037157366990494725
  ],
  "grasp_translation": [
    -0.5774026930332183,
    0.11468720436096191,
    0.15532922832667828
  ],
  "grasp_quaternion": [
    -0.05109189562902807,
    -0.9983413661957262,
    -0.0013562286638962953,
    0.026500856350204254
  ],
  "grasp_x_offset": -0.7,
  "grasp_y_offset": 0.0,
  "grasp_z_offset": 0.131
}