{
  "inference_time_s": 4.108384609222412,
  "obb_center": [
    -0.05804795050095952,
    0.13139489423154238,
    0.013300396677147216
  ],
  "cog_pcd": [
    -0.04777616634964943,
    0.14599812030792236,
    0.043005142360925674
  ],
  "cog_mean": [
    -0.04983052467002757,
    0.1430774765827625,
    0.03706419322416998
  ],
  "grasp_translation": [
    -0.7583113059401512,
    0.1637926697731018,
    0.15472745983302594
  ],
  "grasp_quaternion": [
    0.005764869771748443,
    0.9957997700105361,
    -0.0005289842140892612,
    0.09137452872206958
  ],
  "grasp_x_offset": -0.7,
  "grasp_y_offset": 0.0,
  "grasp_z_offset": 0.131
}