{
  "inference_time_s": 5.954665660858154,
  "obb_center": [
    -0.04222485676140737,
    0.09687674961495685,
    0.014812461896135606
  ],
  "cog_pcd": [
    -0.033451300114393234,
    0.11218874156475067,
    0.0421261191368103
  ],
  "cog_mean": [
    -0.035206011443796065,
    0.10912634764514026,
    0.0366633869436173
  ],
  "grasp_translation": [
    -0.744846773147583,
    0.12664403021335602,
    0.15139960026741028
  ],
  "grasp_quaternion": [
    0.058233693251362864,
    0.9901134221075713,
    -0.0074924414610787,
    0.12738960575216624
  ],
  "grasp_x_offset": -0.7,
  "grasp_y_offset": 0.0,
  "grasp_z_offset": 0.131
}