{
  "inference_time_s": 4.177246332168579,
  "obb_center": [
    -0.03732989406914437,
    0.1163325099296469,
    0.01770217300331774
  ],
  "cog_pcd": [
    -0.03438867628574371,
    0.13195067644119263,
    0.0428307019174099
  ],
  "cog_mean": [
    -0.03497691984242385,
    0.1288270431388835,
    0.037804995389533406
  ],
  "grasp_translation": [
    -0.746310007572174,
    0.14364111423492432,
    0.15152016369998456
  ],
  "grasp_quaternion": [
    0.05806487011179758,
    0.9915016438257076,
    -0.0068060272086516655,
    0.11621806719892921
  ],
  "grasp_x_offset": -0.7,
  "grasp_y_offset": 0.0,
  "grasp_z_offset": 0.131
}