{
  "inference_time_s": 3.3440847396850586,
  "obb_center": [
    -0.19922526916884026,
    0.123249622181869,
    0.022550865853139025
  ],
  "cog_pcd": [
    -0.1802331656217575,
    0.13633249700069427,
    0.0403580516576767
  ],
  "cog_mean": [
    -0.18403159527187077,
    0.1337159265072776,
    0.03679661598688528
  ],
  "grasp_translation": [
    -0.894970041513443,
    0.1541062891483307,
    0.15658764442801476
  ],
  "grasp_quaternion": [
    0.13668328268583546,
    0.9729774125544728,
    0.03408576893701939,
    0.18295025348164717
  ],
  "grasp_x_offset": -0.7,
  "grasp_y_offset": 0.0,
  "grasp_z_offset": 0.131
}