{
  "inference_time_s": 6.705774784088135,
  "obb_center": [
    -0.16717017563666442,
    0.11781802454355224,
    0.019004089761153607
  ],
  "cog_pcd": [
    -0.15605700016021729,
    0.13607800006866455,
    0.041502587497234344
  ],
  "cog_mean": [
    -0.15827963674562284,
    0.1324260049636421,
    0.03700288869507626
  ],
  "grasp_translation": [
    -0.8724483370780944,
    0.15553870797157288,
    0.15511080151796341
  ],
  "grasp_quaternion": [
    0.14004292327836027,
    0.9722751731018007,
    0.033228345764958186,
    0.18429553561396853
  ],
  "grasp_x_offset": -0.7,
  "grasp_y_offset": 0.0,
  "grasp_z_offset": 0.131
}