{
  "inference_time_s": 6.068894386291504,
  "obb_center": [
    -0.19509540578066142,
    0.10079934686556595,
    0.019089244893462462
  ],
  "cog_pcd": [
    -0.17586249113082886,
    0.1156795397400856,
    0.04026062786579132
  ],
  "cog_mean": [
    -0.17970908002125985,
    0.11270350116518167,
    0.03602635127132555
  ],
  "grasp_translation": [
    -0.8895000338554382,
    0.13270148634910583,
    0.15458372695744038
  ],
  "grasp_quaternion": [
    0.10936973062724227,
    0.9709722470192983,
    0.11355076205763626,
    0.1798815776474906
  ],
  "grasp_x_offset": -0.7,
  "grasp_y_offset": 0.0,
  "grasp_z_offset": 0.131
}