{
  "inference_time_s": 5.40360164642334,
  "obb_center": [
    0.11217959055612747,
    -0.016531142350415196,
    0.022984946081578157
  ],
  "cog_pcd": [
    0.10121102631092072,
    0.005893123801797628,
    0.041748251765966415
  ],
  "cog_mean": [
    0.10340473766984595,
    0.0014082707576195783,
    0.03799559137414682
  ],
  "grasp_translation": [
    -0.5948417007923126,
    0.023772476240992546,
    0.1563399945795536
  ],
  "grasp_quaternion": [
    -0.02553605084418829,
    0.9931585199212436,
    0.0637251576245089,
    0.09446252537836948
  ],
  "grasp_x_offset": -0.7,
  "grasp_y_offset": 0.0,
  "grasp_z_offset": 0.131
}