{
  "inference_time_s": 3.937135696411133,
  "obb_center": [
    0.1081675426758749,
    -0.05363136835659557,
    0.02368494617767551
  ],
  "cog_pcd": [
    0.10333652794361115,
    -0.028820306062698364,
    0.04179338738322258
  ],
  "cog_mean": [
    0.10430272939994778,
    -0.033782518148948774,
    0.038171700632229286
  ],
  "grasp_translation": [
    -0.5905867636203765,
    -0.01504085399210453,
    0.1532087148576975
  ],
  "grasp_quaternion": [
    0.054554948297571286,
    0.9874510829064409,
    -0.008175486876826102,
    0.14797728845155125
  ],
  "grasp_x_offset": -0.7,
  "grasp_y_offset": 0.0,
  "grasp_z_offset": 0.131
}