{
  "inference_time_s": 4.424652099609375,
  "obb_center": [
    0.1090270460949621,
    -0.05421908343524584,
    0.021900440460191864
  ],
  "cog_pcd": [
    0.09861160814762115,
    -0.03321687877178192,
    0.041676927357912064
  ],
  "cog_mean": [
    0.10069469722720546,
    -0.037417320077003734,
    0.037721629978368025
  ],
  "grasp_translation": [
    -0.5983293920755386,
    -0.01746535673737526,
    0.1534972516298294
  ],
  "grasp_quaternion": [
    0.03964174318415448,
    0.9867670375288388,
    -0.006311118255187558,
    0.157097153475961
  ],
  "grasp_x_offset": -0.7,
  "grasp_y_offset": 0.0,
  "grasp_z_offset": 0.131
}