{
  "inference_time_s": 4.55220365524292,
  "obb_center": [
    -0.047717512820823114,
    -0.05283535619212361,
    0.01997718802749591
  ],
  "cog_pcd": [
    -0.04194554314017296,
    -0.027671076357364655,
    0.04108819365501404
  ],
  "cog_mean": [
    -0.04309993782136105,
    -0.032703932696845475,
    0.03686599476468459
  ],
  "grasp_translation": [
    -0.7532947033643722,
    -0.017452195286750793,
    0.14942870190739632
  ],
  "grasp_quaternion": [
    0.06309073644030412,
    0.9901561827213134,
    -0.00794488396026621,
    0.12468829781913977
  ],
  "grasp_x_offset": -0.7,
  "grasp_y_offset": 0.0,
  "grasp_z_offset": 0.131
}