{
  "inference_time_s": 4.522768497467041,
  "obb_center": [
    -0.029621539764102752,
    -0.024224458104269715,
    0.02247027535550827
  ],
  "cog_pcd": [
    -0.024494115263223648,
    -0.0070608691312372684,
    0.04151088744401932
  ],
  "cog_mean": [
    -0.02551960128098656,
    -0.010493587018976016,
    0.03770276428125905
  ],
  "grasp_translation": [
    -0.7337347388267517,
    0.005851603578776121,
    0.1514129759222269
  ],
  "grasp_quaternion": [
    0.055257992166263856,
    0.976217646962201,
    -0.011847095590512549,
    0.20929717243050946
  ],
  "grasp_x_offset": -0.7,
  "grasp_y_offset": 0.0,
  "grasp_z_offset": 0.131
}