{
  "inference_time_s": 4.449772119522095,
  "obb_center": [
    -0.03457495107170931,
    -0.03363776785149349,
    0.01979183982387617
  ],
  "cog_pcd": [
    -0.02891354262828827,
    -0.011093884706497192,
    0.0400872565805912
  ],
  "cog_mean": [
    -0.03004582431697248,
    -0.015602661894289997,
    0.03602817397430626
  ],
  "grasp_translation": [
    -0.742619027197361,
    -0.0008995954412966967,
    0.14995594224333764
  ],
  "grasp_quaternion": [
    0.025664327941985185,
    0.9972166910618531,
    -0.0018009595742563317,
    0.06997835296394621
  ],
  "grasp_x_offset": -0.7,
  "grasp_y_offset": 0.0,
  "grasp_z_offset": 0.131
}