{
  "inference_time_s": 3.924400568008423,
  "obb_center": [
    -0.1813971992388426,
    -0.027304314313097794,
    0.018650474699155296
  ],
  "cog_pcd": [
    -0.17395997047424316,
    -0.004821594338864088,
    0.03795309737324715
  ],
  "cog_mean": [
    -0.1754474192073953,
    -0.00931813833371083,
    0.034092572465899744
  ],
  "grasp_translation": [
    -0.8851932257413864,
    0.010312932543456554,
    0.1527878483235836
  ],
  "grasp_quaternion": [
    0.121572060676976,
    0.9607604822349689,
    0.025583840190498395,
    0.24800200999082772
  ],
  "grasp_x_offset": -0.7,
  "grasp_y_offset": 0.0,
  "grasp_z_offset": 0.131
}