{
  "inference_time_s": 4.57230019569397,
  "obb_center": [
    -0.17262279358174856,
    -0.02823877424762556,
    0.02083583420033805
  ],
  "cog_pcd": [
    -0.16283200681209564,
    -0.007269490510225296,
    0.03897235170006752
  ],
  "cog_mean": [
    -0.16479016714625846,
    -0.011463347443969863,
    0.03534504894517969
  ],
  "grasp_translation": [
    -0.8742751896381378,
    0.00902580190449953,
    0.1529494141638279
  ],
  "grasp_quaternion": [
    0.13141750218214746,
    0.9599656746940459,
    0.02342480230846912,
    0.24626534909771494
  ],
  "grasp_x_offset": -0.7,
  "grasp_y_offset": 0.0,
  "grasp_z_offset": 0.131
}