{
  "inference_time_s": 4.679992437362671,
  "obb_center": [
    -0.18856911803321658,
    -0.04193240721948715,
    0.02151200298420458
  ],
  "cog_pcd": [
    -0.17636092007160187,
    -0.017175132408738136,
    0.03841182962059975
  ],
  "cog_mean": [
    -0.17880256264415706,
    -0.022126587929681484,
    0.03503186392079168
  ],
  "grasp_translation": [
    -0.8895566582679748,
    -0.0024340865202248096,
    0.15060853300988675
  ],
  "grasp_quaternion": [
    0.10553796620356332,
    0.9677278651385628,
    0.03312736448335621,
    0.22642238062162018
  ],
  "grasp_x_offset": -0.7,
  "grasp_y_offset": 0.0,
  "grasp_z_offset": 0.131
}