{
  "inference_time_s": 6.029813528060913,
  "obb_center": [
    0.01832977366767645,
    -0.1786403658421404,
    0.017057089201103413
  ],
  "cog_pcd": [
    0.06747093051671982,
    -0.15542177855968475,
    0.040367793291807175
  ],
  "cog_mean": [
    0.05764269914691114,
    -0.16006550048652424,
    0.035705653963782544
  ],
  "grasp_translation": [
    -0.6325220808386802,
    -0.1406913548707962,
    0.15312759852409363
  ],
  "grasp_quaternion": [
    0.044141601671030144,
    0.9699130030599136,
    -0.010884792562344477,
    0.2391689921124636
  ],
  "grasp_x_offset": -0.7,
  "grasp_y_offset": 0.0,
  "grasp_z_offset": 0.131
}