{
  "inference_time_s": 7.628260374069214,
  "obb_center": [
    0.045067522338179886,
    -0.2062635437498506,
    0.01658638413203415
  ],
  "cog_pcd": [
    0.09034892916679382,
    -0.1606181412935257,
    0.04102684184908867
  ],
  "cog_mean": [
    0.0812926522714194,
    -0.1697472247650229,
    0.03613874956061971
  ],
  "grasp_translation": [
    -0.6038894027471542,
    -0.13692614436149597,
    0.15385441383719445
  ],
  "grasp_quaternion": [
    0.06160193603602348,
    0.9939760475791736,
    -0.0056070937771836565,
    0.09047308337219649
  ],
  "grasp_x_offset": -0.7,
  "grasp_y_offset": 0.0,
  "grasp_z_offset": 0.131
}