{
  "inference_time_s": 5.913451671600342,
  "obb_center": [
    0.11909167985095659,
    -0.16380054948700615,
    0.024255603841766178
  ],
  "cog_pcd": [
    0.10604190081357956,
    -0.14976510405540466,
    0.0408480279147625
  ],
  "cog_mean": [
    0.10865186109140332,
    -0.15257219612195722,
    0.037529542355105174
  ],
  "grasp_translation": [
    -0.5896407037973403,
    -0.12922172248363495,
    0.15224388329684735
  ],
  "grasp_quaternion": [
    0.10123343528867784,
    0.9835051204643662,
    0.04600794861060635,
    0.142663023466732
  ],
  "grasp_x_offset": -0.7,
  "grasp_y_offset": 0.0,
  "grasp_z_offset": 0.131
}