{
  "inference_time_s": 4.456847429275513,
  "obb_center": [
    -0.008500471378032178,
    -0.1778742370667854,
    0.01966963019068353
  ],
  "cog_pcd": [
    -0.027957554906606674,
    -0.17497968673706055,
    0.04066808894276619
  ],
  "cog_mean": [
    -0.024066139318478865,
    -0.17555860574370225,
    0.03646839868246578
  ],
  "grasp_translation": [
    -0.7294903703033924,
    -0.13926878571510315,
    0.15518009005486966
  ],
  "grasp_quaternion": [
    0.09530308299487791,
    0.9925823059552119,
    -0.007214348105422207,
    0.07513748370632702
  ],
  "grasp_x_offset": -0.7,
  "grasp_y_offset": 0.0,
  "grasp_z_offset": 0.131
}