{
  "inference_time_s": 5.632750988006592,
  "obb_center": [
    -0.005370773112641905,
    -0.16027135349881816,
    0.023304767061026993
  ],
  "cog_pcd": [
    -0.04201792553067207,
    -0.1269124448299408,
    0.0408945307135582
  ],
  "cog_mean": [
    -0.0346884957921241,
    -0.13358422656371627,
    0.037376579473168074
  ],
  "grasp_translation": [
    -0.7521037578582763,
    -0.12342891097068787,
    0.1522082825601101
  ],
  "grasp_quaternion": [
    0.06204350869390045,
    0.9974306848588512,
    -0.002223443691020772,
    0.035744765058749815
  ],
  "grasp_x_offset": -0.7,
  "grasp_y_offset": 0.0,
  "grasp_z_offset": 0.131
}