{
  "inference_time_s": 5.582462787628174,
  "obb_center": [
    -0.09562909426270645,
    -0.2189466220744095,
    0.014946180875100645
  ],
  "cog_pcd": [
    -0.15422402322292328,
    -0.1773662120103836,
    0.03763064369559288
  ],
  "cog_mean": [
    -0.14250504190122826,
    -0.18568229402318878,
    0.03309375224908152
  ],
  "grasp_translation": [
    -0.8673458665609359,
    -0.1954178661108017,
    0.1529535119831562
  ],
  "grasp_quaternion": [
    0.09023704982495855,
    0.968581020703504,
    0.03627137438615167,
    0.22889401165601828
  ],
  "grasp_x_offset": -0.7,
  "grasp_y_offset": 0.0,
  "grasp_z_offset": 0.131
}