{
  "inference_time_s": 4.3387839794158936,
  "obb_center": [
    -0.17112209157000885,
    -0.17214058520468156,
    0.0214245911006971
  ],
  "cog_pcd": [
    -0.1632406860589981,
    -0.15448474884033203,
    0.03862921893596649
  ],
  "cog_mean": [
    -0.16481697312166474,
    -0.15801591909343418,
    0.03518829299638358
  ],
  "grasp_translation": [
    -0.8705313473939895,
    -0.13807417452335358,
    0.15004943399131299
  ],
  "grasp_quaternion": [
    -0.1026449752482184,
    -0.9881213520537164,
    -0.07091739213118091,
    0.08972695339272568
  ],
  "grasp_x_offset": -0.7,
  "grasp_y_offset": 0.0,
  "grasp_z_offset": 0.131
}