{
  "inference_time_s": 6.509414434432983,
  "obb_center": [
    -0.08274074099028195,
    -0.1853668921410499,
    0.017599499577127545
  ],
  "cog_pcd": [
    -0.18378517031669617,
    -0.13820712268352509,
    0.03805680572986603
  ],
  "cog_mean": [
    -0.16357628147118108,
    -0.14763907806514617,
    0.03396534524437639
  ],
  "grasp_translation": [
    -0.8973208785057067,
    -0.16069287061691284,
    0.14797395741939545
  ],
  "grasp_quaternion": [
    0.037437850659324645,
    0.9769244801918902,
    -0.008052407215247866,
    0.21012407305650208
  ],
  "grasp_x_offset": -0.7,
  "grasp_y_offset": 0.0,
  "grasp_z_offset": 0.131
}