{
  "inference_time_s": 10.55118179321289,
  "obb_center": [
    0.04285579740633466,
    0.13134828685280786,
    0.010558065553772356
  ],
  "cog_pcd": [
    0.055394191294908524,
    0.1333460509777069,
    0.04400593042373657
  ],
  "cog_mean": [
    0.05288651251719375,
    0.132946496662611,
    0.03731635893985985
  ],
  "grasp_translation": [
    -0.6145246595144271,
    0.14487600326538086,
    0.15898283100128174
  ],
  "grasp_quaternion": [
    0.7042994023483338,
    0.685885648430898,
    0.006423558187887117,
    0.18298078322193653
  ],
  "grasp_x_offset": -0.7,
  "grasp_y_offset": 0.0,
  "grasp_z_offset": 0.131
}