{
  "inference_time_s": 3.760910749435425,
  "obb_center": [
    -0.10952136434972917,
    0.2062319526145526,
    0.026026006045614697
  ],
  "cog_pcd": [
    -0.10031204670667648,
    0.20030838251113892,
    0.0433073490858078
  ],
  "cog_mean": [
    -0.10215391023528703,
    0.20149310547251836,
    0.03985108271294336
  ],
  "grasp_translation": [
    -0.8018052101135253,
    0.21944960951805115,
    0.14706378331780434
  ],
  "grasp_quaternion": [
    0.749267498803673,
    0.6431193189037356,
    -0.07178790524616732,
    0.14086253422982997
  ],
  "grasp_x_offset": -0.7,
  "grasp_y_offset": 0.0,
  "grasp_z_offset": 0.131
}