{
  "inference_time_s": 7.72664213180542,
  "obb_center": [
    -0.09988614502335058,
    0.17444048238150117,
    0.018866785495959718
  ],
  "cog_pcd": [
    -0.09273943305015564,
    0.17698818445205688,
    0.043172478675842285
  ],
  "cog_mean": [
    -0.09416877693491074,
    0.17647864701817798,
    0.03831133929480771
  ],
  "grasp_translation": [
    -0.7888475552201271,
    0.19486507773399353,
    0.14569930075109006
  ],
  "grasp_quaternion": [
    0.7463593582991934,
    0.6481180247961563,
    -0.14431925709319984,
    0.04541680576187977
  ],
  "grasp_x_offset": -0.7,
  "grasp_y_offset": 0.0,
  "grasp_z_offset": 0.131
}