{
  "inference_time_s": 4.943765878677368,
  "obb_center": [
    -0.10860118949099352,
    -8.704361383183278e-05,
    0.020536230848383224
  ],
  "cog_pcd": [
    -0.0968700647354126,
    0.009468716569244862,
    0.042519956827163696
  ],
  "cog_mean": [
    -0.09921628968652879,
    0.007557564439497265,
    0.03812321088634954
  ],
  "grasp_translation": [
    -0.7827856585383415,
    0.018285861238837242,
    0.1515888468772173
  ],
  "grasp_quaternion": [
    0.6789344177313381,
    0.694678854276655,
    -0.1660948634927801,
    0.16994658620283387
  ],
  "grasp_x_offset": -0.7,
  "grasp_y_offset": 0.0,
  "grasp_z_offset": 0.131
}