{
  "inference_time_s": 5.841066122055054,
  "obb_center": [
    -0.10654815531914588,
    -0.006508812544628623,
    0.018037485875545944
  ],
  "cog_pcd": [
    -0.08900496363639832,
    0.00010820364695973694,
    0.04137391597032547
  ],
  "cog_mean": [
    -0.0925136004828317,
    -0.0012151995899027435,
    0.03670663069642763
  ],
  "grasp_translation": [
    -0.7696379616856575,
    0.005323996767401695,
    0.15306156216561795
  ],
  "grasp_quaternion": [
    0.7344268205604157,
    0.6339911935415501,
    -0.21538745640287393,
    0.11081811845352386
  ],
  "grasp_x_offset": -0.7,
  "grasp_y_offset": 0.0,
  "grasp_z_offset": 0.131
}