{
  "inference_time_s": 6.691705942153931,
  "obb_center": [
    -0.043778032759939196,
    -0.22819391241669548,
    0.020671244081717107
  ],
  "cog_pcd": [
    -0.1000717505812645,
    -0.19494251906871796,
    0.037866707891225815
  ],
  "cog_mean": [
    -0.0888130114873478,
    -0.2015928007185457,
    0.034427614756795046
  ],
  "grasp_translation": [
    -0.82375308573246,
    -0.21250787377357483,
    0.15247290110588074
  ],
  "grasp_quaternion": [
    -0.7140852084709073,
    0.6673120687727532,
    0.10888631310747483,
    0.18144059284280897
  ],
  "grasp_x_offset": -0.7,
  "grasp_y_offset": 0.0,
  "grasp_z_offset": 0.131
}