{
  "inference_time_s": 5.419075965881348,
  "obb_center": [
    0.038114857941415274,
    0.17913406870936802,
    0.018498356949742414
  ],
  "cog_pcd": [
    0.0290012639015913,
    0.18000634014606476,
    0.04185730963945389
  ],
  "cog_mean": [
    0.030823982709556094,
    0.17983188883895765,
    0.037185519846569655
  ],
  "grasp_translation": [
    -0.7055379811674356,
    0.17918264865875244,
    0.15766736580431462
  ],
  "grasp_quaternion": [
    -0.6945788315941913,
    0.7094025835152111,
    0.11561651620566686,
    0.030676414126446293
  ],
  "grasp_x_offset": -0.7,
  "grasp_y_offset": 0.0,
  "grasp_z_offset": 0.131
}