{
  "inference_time_s": 4.717462778091431,
  "obb_center": [
    0.03423801442748888,
    0.18471413320562272,
    0.015957954449091347
  ],
  "cog_pcd": [
    0.025682814419269562,
    0.18653112649917603,
    0.041848864406347275
  ],
  "cog_mean": [
    0.027393854793442456,
    0.18616773380092985,
    0.03667068166983803
  ],
  "grasp_translation": [
    -0.711288933455944,
    0.1884084939956665,
    0.1587168955653906
  ],
  "grasp_quaternion": [
    -0.6664308349791849,
    0.7364781632169043,
    0.11155440007671066,
    0.032023009182875276
  ],
  "grasp_x_offset": -0.7,
  "grasp_y_offset": 0.0,
  "grasp_z_offset": 0.131
}