{
  "inference_time_s": 5.284712791442871,
  "obb_center": [
    0.029919645868815806,
    0.20125958301254443,
    0.015033312184658573
  ],
  "cog_pcd": [
    0.023402104154229164,
    0.20377914607524872,
    0.04089532047510147
  ],
  "cog_mean": [
    0.024705612124617464,
    0.20327523942317233,
    0.03572291807195483
  ],
  "grasp_translation": [
    -0.7096436366438865,
    0.2019769847393036,
    0.15673524601757527
  ],
  "grasp_quaternion": [
    -0.7027037683564209,
    0.7006535173718302,
    0.11926155557278235,
    0.03269164869699218
  ],
  "grasp_x_offset": -0.7,
  "grasp_y_offset": 0.0,
  "grasp_z_offset": 0.131
}