{
  "inference_time_s": 4.800252437591553,
  "obb_center": [
    -0.09444233219582938,
    0.154775286624847,
    0.01683612362328863
  ],
  "cog_pcd": [
    -0.10414674133062363,
    0.15812836587429047,
    0.043260395526885986
  ],
  "cog_mean": [
    -0.10220585801354866,
    0.15745775002440177,
    0.037975540401108454
  ],
  "grasp_translation": [
    -0.8186483651399612,
    0.15008485317230225,
    0.15105498111248017
  ],
  "grasp_quaternion": [
    -0.6440682986869168,
    0.7195234217615041,
    0.21087647355678668,
    0.15163503903587588
  ],
  "grasp_x_offset": -0.7,
  "grasp_y_offset": 0.0,
  "grasp_z_offset": 0.131
}