{
  "inference_time_s": 3.806480646133423,
  "obb_center": [
    -0.11629269816470053,
    0.19200166441746397,
    0.02061093270953416
  ],
  "cog_pcd": [
    -0.1287679225206375,
    0.19683590531349182,
    0.04343586042523384
  ],
  "cog_mean": [
    -0.12627288211979848,
    0.195869054154054,
    0.038870874882093905
  ],
  "grasp_translation": [
    -0.8482956409454345,
    0.18866799771785736,
    0.15155715769529343
  ],
  "grasp_quaternion": [
    -0.6499497275445201,
    0.7138437963696823,
    0.21282341907704488,
    0.1506604737204817
  ],
  "grasp_x_offset": -0.7,
  "grasp_y_offset": 0.0,
  "grasp_z_offset": 0.131
}