{
  "inference_time_s": 3.856571674346924,
  "obb_center": [
    -0.11723664719536948,
    0.20874330385314177,
    0.02572748733645676
  ],
  "cog_pcd": [
    -0.13011133670806885,
    0.20676328241825104,
    0.04438997432589531
  ],
  "cog_mean": [
    -0.12753640327587734,
    0.20715928372499695,
    0.04065747916318178
  ],
  "grasp_translation": [
    -0.8423936486244201,
    0.19938798248767853,
    0.15151493152976037
  ],
  "grasp_quaternion": [
    -0.677145569890306,
    0.6805064759639683,
    0.23256076168909037,
    0.155885552478811
  ],
  "grasp_x_offset": -0.7,
  "grasp_y_offset": 0.0,
  "grasp_z_offset": 0.131
}