{
  "inference_time_s": 55.572240114212036,
  "obb_center": [
    0.035862765980532514,
    -0.031673830050025165,
    0.0235492036134363
  ],
  "cog_pcd": [
    0.0344829335808754,
    -0.022210726514458656,
    0.03996323421597481
  ],
  "cog_mean": [
    0.03475889968827779,
    -0.024103348339159048,
    0.03668042735040905
  ],
  "grasp_translation": [
    -0.6808564856648445,
    -0.03483692556619644,
    0.1505717141032219
  ],
  "grasp_quaternion": [
    -0.6613523763810196,
    0.6992949598128988,
    0.2227197042938212,
    0.15490489583846967
  ],
  "grasp_x_offset": -0.7,
  "grasp_y_offset": 0.0,
  "grasp_z_offset": 0.131
}