{
  "inference_time_s": 15.204973220825195,
  "obb_center": [
    0.03230871699858988,
    0.005159458035828417,
    0.019077336751545205
  ],
  "cog_pcd": [
    0.028137046843767166,
    0.018806245177984238,
    0.040088213980197906
  ],
  "cog_mean": [
    0.02897138161978977,
    0.016076888122082102,
    0.035886040769641546
  ],
  "grasp_translation": [
    -0.6870917852967977,
    0.005043163895606995,
    0.1501682931035757
  ],
  "grasp_quaternion": [
    -0.6961588478107085,
    0.6749377010085492,
    0.21031166791521055,
    0.1248637686075633
  ],
  "grasp_x_offset": -0.7,
  "grasp_y_offset": 0.0,
  "grasp_z_offset": 0.131
}