{
  "inference_time_s": 4.834818601608276,
  "obb_center": [
    0.013093722392001942,
    -0.04028079389915168,
    0.02178727156948456
  ],
  "cog_pcd": [
    0.004321454558521509,
    -0.028286879882216454,
    0.039642829447984695
  ],
  "cog_mean": [
    0.006075908171783724,
    -0.03068566380319059,
    0.03607171861734273
  ],
  "grasp_translation": [
    -0.711296147480607,
    -0.04405442625284195,
    0.15117692849040032
  ],
  "grasp_quaternion": [
    -0.6737080107555145,
    0.7080277404589991,
    0.18247592567883703,
    0.10731622212891874
  ],
  "grasp_x_offset": -0.7,
  "grasp_y_offset": 0.0,
  "grasp_z_offset": 0.131
}