{
  "inference_time_s": 11.800079345703125,
  "obb_center": [
    -0.07314967227915563,
    -0.032020765689226585,
    0.020718663195735933
  ],
  "cog_pcd": [
    -0.07591529935598373,
    -0.01155841164290905,
    0.041103705763816833
  ],
  "cog_mean": [
    -0.0753621761757923,
    -0.015650882452172558,
    0.03702669874031677
  ],
  "grasp_translation": [
    -0.7955891162157058,
    -0.024704381823539734,
    0.15202298103272915
  ],
  "grasp_quaternion": [
    -0.6638830910099683,
    0.7022131570405881,
    0.21322294784971124,
    0.14384678675737064
  ],
  "grasp_x_offset": -0.7,
  "grasp_y_offset": 0.0,
  "grasp_z_offset": 0.131
}