{
  "inference_time_s": 4.640705347061157,
  "obb_center": [
    -0.0992467807357705,
    -0.023040034008586383,
    0.020736205458637053
  ],
  "cog_pcd": [
    -0.11194107681512833,
    -0.008986769244074821,
    0.041565053164958954
  ],
  "cog_mean": [
    -0.109402220579489,
    -0.011797422196977134,
    0.03739928287863652
  ],
  "grasp_translation": [
    -0.8259560734033584,
    -0.02102717012166977,
    0.15118233574926854
  ],
  "grasp_quaternion": [
    -0.6487893409448404,
    0.7052190872702065,
    0.2301633865374613,
    0.1695973039990413
  ],
  "grasp_x_offset": -0.7,
  "grasp_y_offset": 0.0,
  "grasp_z_offset": 0.131
}