{
  "inference_time_s": 3.9096999168395996,
  "obb_center": [
    -0.10344997951326362,
    -0.03822318536102899,
    0.024133348292262047
  ],
  "cog_pcd": [
    -0.11613086611032486,
    -0.020032914355397224,
    0.042223911732435226
  ],
  "cog_mean": [
    -0.11359469028102873,
    -0.02367096818399455,
    0.03860579904440059
  ],
  "grasp_translation": [
    -0.8330330073833465,
    -0.03270399570465088,
    0.15270855924487114
  ],
  "grasp_quaternion": [
    -0.6600289493091341,
    0.7102583007371032,
    0.20362193249434682,
    0.13576833546593647
  ],
  "grasp_x_offset": -0.7,
  "grasp_y_offset": 0.0,
  "grasp_z_offset": 0.131
}