{
  "inference_time_s": 4.841673851013184,
  "obb_center": [
    -0.051647763870069585,
    -0.21525389603558742,
    0.0010489040553238634
  ],
  "cog_pcd": [
    -0.02355528064072132,
    -0.15198834240436554,
    0.03673034533858299
  ],
  "cog_mean": [
    -0.029173777286590975,
    -0.1646414531306099,
    0.029594056709402138
  ],
  "grasp_translation": [
    -0.7081031136214733,
    -0.1492348611354828,
    0.15145050077140332
  ],
  "grasp_quaternion": [
    0.657968527134318,
    0.7124097435663946,
    -0.202731538245512,
    0.13582966529064555
  ],
  "grasp_x_offset": -0.7,
  "grasp_y_offset": 0.0,
  "grasp_z_offset": 0.131
}