{
  "inference_time_s": 4.7459375858306885,
  "obb_center": [
    -0.034974470948453414,
    -0.22537005348697733,
    0.008758419459004806
  ],
  "cog_pcd": [
    0.016385920345783234,
    -0.19514350593090057,
    0.03641461580991745
  ],
  "cog_mean": [
    0.006113842645729449,
    -0.2011888124618837,
    0.03088337765732201
  ],
  "grasp_translation": [
    -0.6704352915287017,
    -0.1912401020526886,
    0.15062966844439507
  ],
  "grasp_quaternion": [
    0.6803838859730824,
    0.69026781233,
    -0.20853840449046016,
    0.13084284016291015
  ],
  "grasp_x_offset": -0.7,
  "grasp_y_offset": 0.0,
  "grasp_z_offset": 0.131
}