{
  "inference_time_s": 10.435044765472412,
  "obb_center": [
    -0.04022962574903893,
    -0.2295400282138457,
    0.01755197433397018
  ],
  "cog_pcd": [
    0.008710172958672047,
    -0.20854300260543823,
    0.03687019273638725
  ],
  "cog_mean": [
    -0.0010777868760024067,
    -0.2127424047468875,
    0.03300654868337481
  ],
  "grasp_translation": [
    -0.6718695897608995,
    -0.20314551889896393,
    0.15260080522298813
  ],
  "grasp_quaternion": [
    0.6610237764442166,
    0.7031890974328041,
    -0.2159396380423821,
    0.14813079676147506
  ],
  "grasp_x_offset": -0.7,
  "grasp_y_offset": 0.0,
  "grasp_z_offset": 0.131
}