{
  "inference_time_s": 3.989433526992798,
  "obb_center": [
    -0.0913597574694065,
    -0.21382872919463297,
    0.009895851290101898
  ],
  "cog_pcd": [
    -0.1037878692150116,
    -0.19184012711048126,
    0.03776653856039047
  ],
  "cog_mean": [
    -0.10130224984612282,
    -0.19623785646800831,
    0.032192401478861786
  ],
  "grasp_translation": [
    -0.8297233700752258,
    -0.2019026130437851,
    0.15370417287945748
  ],
  "grasp_quaternion": [
    0.6973462369660942,
    -0.6983352768111669,
    0.06335183610335691,
    0.14840017457076096
  ],
  "grasp_x_offset": -0.7,
  "grasp_y_offset": 0.0,
  "grasp_z_offset": 0.131
}