{
  "inference_time_s": 5.733197450637817,
  "obb_center": [
    -0.04335267075286431,
    -0.2218556725187248,
    0.002772464831022961
  ],
  "cog_pcd": [
    -0.12749479711055756,
    -0.1880398839712143,
    0.03856347128748894
  ],
  "cog_mean": [
    -0.11066637481925115,
    -0.19480305062141312,
    0.03140527036872477
  ],
  "grasp_translation": [
    -0.8472099423408508,
    -0.20125320553779602,
    0.14890793985128403
  ],
  "grasp_quaternion": [
    0.698285394406508,
    -0.6829472913988781,
    0.10693747090698806,
    0.18586253642275571
  ],
  "grasp_x_offset": -0.7,
  "grasp_y_offset": 0.0,
  "grasp_z_offset": 0.131
}