{
  "inference_time_s": 5.440445184707642,
  "obb_center": [
    -0.07214048967019891,
    -0.23859530013903066,
    0.0037456305624333913
  ],
  "cog_pcd": [
    -0.11060386151075363,
    -0.19626601040363312,
    0.037278465926647186
  ],
  "cog_mean": [
    -0.10291118565252658,
    -0.20473186537048038,
    0.030571898481275398
  ],
  "grasp_translation": [
    -0.830345731973648,
    -0.20875632762908936,
    0.15519878356158734
  ],
  "grasp_quaternion": [
    -0.6903690207901799,
    0.6639381748534545,
    0.24112686057950075,
    0.15631555332898286
  ],
  "grasp_x_offset": -0.7,
  "grasp_y_offset": 0.0,
  "grasp_z_offset": 0.131
}