{
  "inference_time_s": 3.8423187732696533,
  "obb_center": [
    0.05401067260883602,
    0.13028506753880018,
    0.015673179605064938
  ],
  "cog_pcd": [
    0.06131277233362198,
    0.13018319010734558,
    0.04140869155526161
  ],
  "cog_mean": [
    0.059852353878780906,
    0.13020356857386875,
    0.036261589910280334
  ],
  "grasp_translation": [
    -0.6175431281328201,
    0.12713666260242462,
    0.15628619021177292
  ],
  "grasp_quaternion": [
    -0.9507089360625057,
    -0.2757986226345747,
    0.1399326946609601,
    0.022505101836970232
  ],
  "grasp_x_offset": -0.7,
  "grasp_y_offset": 0.0,
  "grasp_z_offset": 0.131
}