{
  "inference_time_s": 4.304197788238525,
  "obb_center": [
    0.03815231264401532,
    0.1508720519917951,
    0.01662220560606554
  ],
  "cog_pcd": [
    0.044474706053733826,
    0.142903134226799,
    0.04169834405183792
  ],
  "cog_mean": [
    0.0432102296069643,
    0.14449691628968211,
    0.036683115617625384
  ],
  "grasp_translation": [
    -0.6349780827760696,
    0.14260029792785645,
    0.153965956479311
  ],
  "grasp_quaternion": [
    -0.9419569800313013,
    -0.29614995698707697,
    0.15757621202680833,
    0.013490298371243478
  ],
  "grasp_x_offset": -0.7,
  "grasp_y_offset": 0.0,
  "grasp_z_offset": 0.131
}