{
  "inference_time_s": 4.552669525146484,
  "obb_center": [
    0.031865951804867385,
    0.13926351646987692,
    0.013216078482887299
  ],
  "cog_pcd": [
    0.03946783021092415,
    0.13456642627716064,
    0.04157781973481178
  ],
  "cog_mean": [
    0.03794745452971279,
    0.1355058443157039,
    0.035905472229484946
  ],
  "grasp_translation": [
    -0.640187994390726,
    0.1333427131175995,
    0.15370993031561375
  ],
  "grasp_quaternion": [
    0.9227980289639393,
    0.31860973038110474,
    -0.21622939135214198,
    0.013284869673082568
  ],
  "grasp_x_offset": -0.7,
  "grasp_y_offset": 0.0,
  "grasp_z_offset": 0.131
}