{
  "inference_time_s": 4.3112571239471436,
  "obb_center": [
    -0.09284945627611653,
    0.12312056404181168,
    0.01171294961148667
  ],
  "cog_pcd": [
    -0.077016681432724,
    0.12169477343559265,
    0.041960328817367554
  ],
  "cog_mean": [
    -0.08018323863657668,
    0.12197993304695258,
    0.03591085297619138
  ],
  "grasp_translation": [
    -0.7588646084070205,
    0.11437155306339264,
    0.15495166456699372
  ],
  "grasp_quaternion": [
    -0.9422503533391872,
    -0.2860487507415618,
    0.17392536970447522,
    0.009505240898080806
  ],
  "grasp_x_offset": -0.7,
  "grasp_y_offset": 0.0,
  "grasp_z_offset": 0.131
}