{
  "inference_time_s": 4.020627021789551,
  "obb_center": [
    -0.10855763030911776,
    0.1539670832543191,
    0.013674790271488275
  ],
  "cog_pcd": [
    -0.09344285726547241,
    0.15217384696006775,
    0.04094524309039116
  ],
  "cog_mean": [
    -0.09646581634454984,
    0.15253249868926638,
    0.03549115252661058
  ],
  "grasp_translation": [
    -0.7757723003625869,
    0.1520594358444214,
    0.15169945633411408
  ],
  "grasp_quaternion": [
    0.9224020053489512,
    0.33572482890828015,
    -0.19083830018182865,
    0.006642512058689143
  ],
  "grasp_x_offset": -0.7,
  "grasp_y_offset": 0.0,
  "grasp_z_offset": 0.131
}