{
  "inference_time_s": 3.680870532989502,
  "obb_center": [
    -0.13166140174686894,
    0.11693871427312287,
    0.015252628410513183
  ],
  "cog_pcd": [
    -0.11207598447799683,
    0.11445924639701843,
    0.04143035039305687
  ],
  "cog_mean": [
    -0.11599306644165513,
    0.11495513997223933,
    0.03619480599654813
  ],
  "grasp_translation": [
    -0.7935486331582069,
    0.10968886315822601,
    0.1504786712527275
  ],
  "grasp_quaternion": [
    0.9276447869774521,
    0.3266499197901802,
    -0.18103688982447516,
    0.0007896944392420179
  ],
  "grasp_x_offset": -0.7,
  "grasp_y_offset": 0.0,
  "grasp_z_offset": 0.131
}