{
  "inference_time_s": 3.8703110218048096,
  "obb_center": [
    0.05610981133687751,
    -0.012374856693109853,
    0.013809491326441128
  ],
  "cog_pcd": [
    0.0693320482969284,
    -0.01173478364944458,
    0.041562750935554504
  ],
  "cog_mean": [
    0.06668760090491822,
    -0.011862798816971179,
    0.03601209975878989
  ],
  "grasp_translation": [
    -0.6111338555812835,
    -0.015209881588816643,
    0.1556162861585617
  ],
  "grasp_quaternion": [
    -0.9194810983687822,
    -0.3625532974797708,
    0.1519387814339167,
    0.0049216791300542035
  ],
  "grasp_x_offset": -0.7,
  "grasp_y_offset": 0.0,
  "grasp_z_offset": 0.131
}