{
  "inference_time_s": 4.346524238586426,
  "obb_center": [
    0.06304141464912076,
    -0.03068738735005558,
    0.016990229021621308
  ],
  "cog_pcd": [
    0.06960832327604294,
    -0.03858184069395065,
    0.04101235046982765
  ],
  "cog_mean": [
    0.06829494304077463,
    -0.03700295114275873,
    0.036207925435128324
  ],
  "grasp_translation": [
    -0.608497929573059,
    -0.046390362083911896,
    0.1537178055793047
  ],
  "grasp_quaternion": [
    -0.9223906920503907,
    -0.35001498342743953,
    0.16334091895986544,
    0.0021602750837261928
  ],
  "grasp_x_offset": -0.7,
  "grasp_y_offset": 0.0,
  "grasp_z_offset": 0.131
}