{
  "inference_time_s": 3.5822112560272217,
  "obb_center": [
    0.05087846193972972,
    -0.011237996565185813,
    0.01809078606279952
  ],
  "cog_pcd": [
    0.0616317093372345,
    -0.013025260530412197,
    0.041410259902477264
  ],
  "cog_mean": [
    0.059481060602791604,
    -0.01266780810989595,
    0.036746366624657835
  ],
  "grasp_translation": [
    -0.6210175201296806,
    -0.019222745671868324,
    0.15278801968693734
  ],
  "grasp_quaternion": [
    0.9160919388584597,
    0.31142671004685984,
    -0.2512346130808009,
    0.025886927551900436
  ],
  "grasp_x_offset": -0.7,
  "grasp_y_offset": 0.0,
  "grasp_z_offset": 0.131
}