{
  "inference_time_s": 4.3369951248168945,
  "obb_center": [
    -0.13796598873367028,
    -0.033068512543109455,
    0.021516831134534075
  ],
  "cog_pcd": [
    -0.1167415976524353,
    -0.028751617297530174,
    0.03922378271818161
  ],
  "cog_mean": [
    -0.12098647884891453,
    -0.02961499709170409,
    0.035682391656394044
  ],
  "grasp_translation": [
    -0.8023978143930435,
    -0.03292239084839821,
    0.1500199390053749
  ],
  "grasp_quaternion": [
    0.923586772067422,
    0.3347919855623816,
    -0.18675980344360624,
    0.00475149271105406
  ],
  "grasp_x_offset": -0.7,
  "grasp_y_offset": 0.0,
  "grasp_z_offset": 0.131
}