{
  "inference_time_s": 3.075566053390503,
  "obb_center": [
    -0.1449830063366089,
    -0.0026855848571202133,
    0.01870496775319357
  ],
  "cog_pcd": [
    -0.1276141256093979,
    -0.0010619261302053928,
    0.0393044576048851
  ],
  "cog_mean": [
    -0.13108790622518846,
    -0.0013866578988714212,
    0.035184559634546794
  ],
  "grasp_translation": [
    -0.8117202788591384,
    -0.005376577377319336,
    0.14939689165353776
  ],
  "grasp_quaternion": [
    0.9134594435726349,
    0.3560872965228986,
    -0.19649880322443514,
    0.013487124762185743
  ],
  "grasp_x_offset": -0.7,
  "grasp_y_offset": 0.0,
  "grasp_z_offset": 0.131
}