{
  "inference_time_s": 3.926943778991699,
  "obb_center": [
    -0.12551583852422551,
    -0.02286858906657816,
    0.015443815440163454
  ],
  "cog_pcd": [
    -0.10215002298355103,
    -0.012944224290549755,
    0.03952197730541229
  ],
  "cog_mean": [
    -0.10682318460156981,
    -0.014929097245755436,
    0.03470634493236253
  ],
  "grasp_translation": [
    -0.7856899321079254,
    -0.018147140741348267,
    0.15086406929790974
  ],
  "grasp_quaternion": [
    0.910401867423603,
    0.3652109012255711,
    -0.19386776584354903,
    0.01430827678140547
  ],
  "grasp_x_offset": -0.7,
  "grasp_y_offset": 0.0,
  "grasp_z_offset": 0.131
}