{
  "inference_time_s": 3.5345492362976074,
  "obb_center": [
    -0.04039182842235237,
    -0.21980412632413587,
    0.02960325166161625
  ],
  "cog_pcd": [
    0.039310067892074585,
    -0.17499390244483948,
    0.0384531132876873
  ],
  "cog_mean": [
    0.02336968937424725,
    -0.18395595318116323,
    0.03668314208006018
  ],
  "grasp_translation": [
    -0.6616261012852191,
    -0.1636090874671936,
    0.1531313387155533
  ],
  "grasp_quaternion": [
    0.9242945862755089,
    0.33959264255891514,
    -0.17423003555705174,
    0.0004996112761918941
  ],
  "grasp_x_offset": -0.7,
  "grasp_y_offset": 0.0,
  "grasp_z_offset": 0.131
}