{
  "inference_time_s": 3.489344596862793,
  "obb_center": [
    -0.05894472261975821,
    -0.18459210520036315,
    0.023506444401073308
  ],
  "cog_pcd": [
    0.01376302819699049,
    -0.1678665578365326,
    0.038892947137355804
  ],
  "cog_mean": [
    -0.0007785221526237646,
    -0.17121166432906648,
    0.035815647335157366
  ],
  "grasp_translation": [
    -0.6945602044463157,
    -0.14285948872566223,
    0.14751219092309475
  ],
  "grasp_quaternion": [
    0.9139534338355924,
    0.354156174627281,
    -0.19768135538410755,
    0.013586996982514839
  ],
  "grasp_x_offset": -0.7,
  "grasp_y_offset": 0.0,
  "grasp_z_offset": 0.131
}