{
  "inference_time_s": 5.942966938018799,
  "obb_center": [
    -0.026036583445908756,
    -0.19705621665479503,
    0.017611000572179743
  ],
  "cog_pcd": [
    0.04867996275424957,
    -0.17426425218582153,
    0.037772759795188904
  ],
  "cog_mean": [
    0.03373665574939209,
    -0.1788226480598485,
    0.0337404083231161
  ],
  "grasp_translation": [
    -0.6499907866120338,
    -0.15981847047805786,
    0.1522586671113968
  ],
  "grasp_quaternion": [
    -0.934831206994797,
    -0.31442373153029357,
    0.16482668306738332,
    0.007777919273242005
  ],
  "grasp_x_offset": -0.7,
  "grasp_y_offset": 0.0,
  "grasp_z_offset": 0.131
}