{
  "inference_time_s": 3.7928411960601807,
  "obb_center": [
    -0.1745410811679726,
    -0.17163870972100032,
    -0.00019264740021198573
  ],
  "cog_pcd": [
    -0.13934467732906342,
    -0.16482090950012207,
    0.038852035999298096
  ],
  "cog_mean": [
    -0.14638395958696138,
    -0.1661844665640655,
    0.03104310043698317
  ],
  "grasp_translation": [
    -0.8216080784797668,
    -0.1795853078365326,
    0.1539119174182415
  ],
  "grasp_quaternion": [
    0.9440561557156042,
    0.2564522523385576,
    -0.20008957458969262,
    0.05435420192102575
  ],
  "grasp_x_offset": -0.7,
  "grasp_y_offset": 0.0,
  "grasp_z_offset": 0.131
}