{
  "inference_time_s": 5.458573818206787,
  "obb_center": [
    -0.09214392572244076,
    -0.22499646312574784,
    0.021786198025889367
  ],
  "cog_pcd": [
    -0.10808301717042923,
    -0.153079554438591,
    0.038863591849803925
  ],
  "cog_mean": [
    -0.10489520186106377,
    -0.16746293617602237,
    0.03544811383007907
  ],
  "grasp_translation": [
    -0.8301421523094177,
    -0.14722111821174622,
    0.15190861275792122
  ],
  "grasp_quaternion": [
    -0.34655787244432396,
    0.9272125043199442,
    0.10173400386991527,
    0.0991201560541433
  ],
  "grasp_x_offset": -0.7,
  "grasp_y_offset": 0.0,
  "grasp_z_offset": 0.131
}