{
  "inference_time_s": 3.505514621734619,
  "obb_center": [
    -0.18206483761008152,
    -0.19596421015593554,
    0.011387763185958202
  ],
  "cog_pcd": [
    -0.1444683074951172,
    -0.16618676483631134,
    0.039432767778635025
  ],
  "cog_mean": [
    -0.15198761798845842,
    -0.1721422539002362,
    0.03382376909527384
  ],
  "grasp_translation": [
    -0.8296513676643371,
    -0.1703251302242279,
    0.14966535283625126
  ],
  "grasp_quaternion": [
    0.8883203156473309,
    0.4046878290783038,
    -0.21438939765168064,
    0.0339405948484345
  ],
  "grasp_x_offset": -0.7,
  "grasp_y_offset": 0.0,
  "grasp_z_offset": 0.131
}