{
  "inference_time_s": 3.854804754257202,
  "obb_center": [
    0.06578379546891257,
    0.16435359493921647,
    0.01951583002011269
  ],
  "cog_pcd": [
    0.05188683420419693,
    0.16868829727172852,
    0.04254378378391266
  ],
  "cog_mean": [
    0.05466622720219812,
    0.1678213568052261,
    0.037938193031152666
  ],
  "grasp_translation": [
    -0.6619828835129737,
    0.19621117413043976,
    0.1564187025129795
  ],
  "grasp_quaternion": [
    0.3496995403904034,
    -0.9192042020581477,
    0.00530630424899537,
    0.18095775613275739
  ],
  "grasp_x_offset": -0.7,
  "grasp_y_offset": 0.0,
  "grasp_z_offset": 0.131
}