{
  "inference_time_s": 4.073231220245361,
  "obb_center": [
    0.04004939199564125,
    0.1686111778524754,
    0.01981309018097929
  ],
  "cog_pcd": [
    0.0327589213848114,
    0.17258499562740326,
    0.042519811540842056
  ],
  "cog_mean": [
    0.03421701625203543,
    0.1717902410131144,
    0.037978467268869505
  ],
  "grasp_translation": [
    -0.6834561068564653,
    0.20109182596206665,
    0.15475901117920876
  ],
  "grasp_quaternion": [
    0.38609424657689345,
    -0.9036641553430543,
    0.12343967260404613,
    0.13814837797003368
  ],
  "grasp_x_offset": -0.7,
  "grasp_y_offset": 0.0,
  "grasp_z_offset": 0.131
}