{
  "inference_time_s": 4.528790473937988,
  "obb_center": [
    0.03975858255443571,
    0.172201423290005,
    0.018861459585802345
  ],
  "cog_pcd": [
    0.03589173033833504,
    0.17188939452171326,
    0.04234648123383522
  ],
  "cog_mean": [
    0.0366651011540842,
    0.17195180623583609,
    0.037649478394344765
  ],
  "grasp_translation": [
    -0.6796592742204666,
    0.18942776322364807,
    0.15601057460904122
  ],
  "grasp_quaternion": [
    0.3944748078046974,
    -0.9054846425351234,
    0.11286442250888781,
    0.1083919289994522
  ],
  "grasp_x_offset": -0.7,
  "grasp_y_offset": 0.0,
  "grasp_z_offset": 0.131
}