{
  "inference_time_s": 4.041395664215088,
  "obb_center": [
    -0.12931807588726932,
    0.13741069241897966,
    0.022930773724482267
  ],
  "cog_pcd": [
    -0.1222950667142868,
    0.15385039150714874,
    0.04260070249438286
  ],
  "cog_mean": [
    -0.12369967003899943,
    0.15056245168951493,
    0.03866671599534468
  ],
  "grasp_translation": [
    -0.8375183016061782,
    0.17911358177661896,
    0.16268860822916031
  ],
  "grasp_quaternion": [
    0.328412807038882,
    -0.9096921650766644,
    0.031238380523183822,
    0.25224860069634075
  ],
  "grasp_x_offset": -0.7,
  "grasp_y_offset": 0.0,
  "grasp_z_offset": 0.131
}