{
  "inference_time_s": 4.952849864959717,
  "obb_center": [
    -0.14331637374194273,
    0.16344376934261068,
    0.01634492579306451
  ],
  "cog_pcd": [
    -0.1339876502752304,
    0.18262243270874023,
    0.04330695793032646
  ],
  "cog_mean": [
    -0.13585339943892122,
    0.17878669705528208,
    0.03791455373804825
  ],
  "grasp_translation": [
    -0.8509635150432586,
    0.20888853073120117,
    0.1613085893392563
  ],
  "grasp_quaternion": [
    0.36265153757362595,
    -0.8861266450278281,
    0.15768592941198756,
    0.24165797924481575
  ],
  "grasp_x_offset": -0.7,
  "grasp_y_offset": 0.0,
  "grasp_z_offset": 0.131
}