{
  "inference_time_s": 5.035313129425049,
  "obb_center": [
    -0.12038758051886952,
    0.14549057076580316,
    0.022727321717930224
  ],
  "cog_pcd": [
    -0.11273098737001419,
    0.15512073040008545,
    0.04252740368247032
  ],
  "cog_mean": [
    -0.11426230898001749,
    0.15319470145346123,
    0.038567389524736484
  ],
  "grasp_translation": [
    -0.8244148164987564,
    0.17289197444915771,
    0.1559070804566145
  ],
  "grasp_quaternion": [
    0.3469524600850762,
    -0.8899595870818472,
    0.05541766740699886,
    0.2907315014600052
  ],
  "grasp_x_offset": -0.7,
  "grasp_y_offset": 0.0,
  "grasp_z_offset": 0.131
}