{
  "inference_time_s": 3.950716018676758,
  "obb_center": [
    0.0519465189900196,
    -0.023885337265069216,
    0.018421568044216338
  ],
  "cog_pcd": [
    0.0479373000562191,
    -0.004267359618097544,
    0.04018934816122055
  ],
  "cog_mean": [
    0.04873914458803726,
    -0.00819095514749188,
    0.03583579288287777
  ],
  "grasp_translation": [
    -0.6687588475644588,
    0.005942980758845806,
    0.15313405072689057
  ],
  "grasp_quaternion": [
    -0.330735013259006,
    0.8997749390173051,
    0.20545432161437974,
    0.19699728894313495
  ],
  "grasp_x_offset": -0.7,
  "grasp_y_offset": 0.0,
  "grasp_z_offset": 0.131
}