{
  "inference_time_s": 4.869792461395264,
  "obb_center": [
    0.058066039706639566,
    -0.0030757819287284237,
    0.021314838942004262
  ],
  "cog_pcd": [
    0.04800448194146156,
    0.014300395734608173,
    0.041300758719444275
  ],
  "cog_mean": [
    0.05001679349449716,
    0.0108251607607344,
    0.03730357699913045
  ],
  "grasp_translation": [
    -0.6700258485972881,
    0.018349189311265945,
    0.1529753161072731
  ],
  "grasp_quaternion": [
    -0.39745063517419627,
    0.8792437571514764,
    0.15657925537253187,
    0.21082301794815295
  ],
  "grasp_x_offset": -0.7,
  "grasp_y_offset": 0.0,
  "grasp_z_offset": 0.131
}