{
  "inference_time_s": 4.409098148345947,
  "obb_center": [
    0.056984094164913415,
    0.0007953730627247441,
    0.02252416219621882
  ],
  "cog_pcd": [
    0.055302172899246216,
    0.01894649676978588,
    0.04088931903243065
  ],
  "cog_mean": [
    0.0556385564073216,
    0.015316272214638169,
    0.037216289900362465
  ],
  "grasp_translation": [
    -0.6634576514363288,
    0.04582676291465759,
    0.15333041636645794
  ],
  "grasp_quaternion": [
    0.34058196326607537,
    -0.9203066603353766,
    0.06679600305075822,
    0.18049341045205555
  ],
  "grasp_x_offset": -0.7,
  "grasp_y_offset": 0.0,
  "grasp_z_offset": 0.131
}