{
  "inference_time_s": 4.110608100891113,
  "obb_center": [
    -0.14000973307306872,
    -0.031376179746483726,
    0.019251102456461527
  ],
  "cog_pcd": [
    -0.13356253504753113,
    -0.0077752829529345036,
    0.040625933557748795
  ],
  "cog_mean": [
    -0.13485197465263865,
    -0.012495462591041121,
    0.0363509680825494
  ],
  "grasp_translation": [
    -0.848771733045578,
    0.005402320995926857,
    0.15532503923773766
  ],
  "grasp_quaternion": [
    0.31223785586308517,
    -0.9108825370590965,
    0.03316339746896859,
    0.26776989023249403
  ],
  "grasp_x_offset": -0.7,
  "grasp_y_offset": 0.0,
  "grasp_z_offset": 0.131
}