{
  "inference_time_s": 5.11642050743103,
  "obb_center": [
    -0.14835330360564686,
    0.0013487920658515886,
    0.01287813593063624
  ],
  "cog_pcd": [
    -0.14338833093643188,
    0.027375202625989914,
    0.04145519435405731
  ],
  "cog_mean": [
    -0.144381326960391,
    0.02216992051396225,
    0.03573978192431504
  ],
  "grasp_translation": [
    -0.8680550128221511,
    0.04726695641875267,
    0.15811211889982224
  ],
  "grasp_quaternion": [
    0.3970015176757296,
    -0.8752411394945748,
    0.06166151823129306,
    0.2693336218685247
  ],
  "grasp_x_offset": -0.7,
  "grasp_y_offset": 0.0,
  "grasp_z_offset": 0.131
}