{
  "inference_time_s": 38.320799350738525,
  "obb_center": [
    -0.1356968417977954,
    0.004714710512473906,
    0.019694052362264437
  ],
  "cog_pcd": [
    -0.13073426485061646,
    0.02561452053487301,
    0.040939874947071075
  ],
  "cog_mean": [
    -0.13172678173016836,
    0.02143455890292222,
    0.03669070968505169
  ],
  "grasp_translation": [
    -0.8590791940689086,
    0.050205379724502563,
    0.16441100364923478
  ],
  "grasp_quaternion": [
    0.3924791336970572,
    -0.8924232483794837,
    0.033666380573140114,
    0.22001693158328062
  ],
  "grasp_x_offset": -0.7,
  "grasp_y_offset": 0.0,
  "grasp_z_offset": 0.131
}