{
  "inference_time_s": 3.7746262550354004,
  "obb_center": [
    -0.025984767194640542,
    -0.20505349954346191,
    0.017636991138166712
  ],
  "cog_pcd": [
    0.023493075743317604,
    -0.1616196185350418,
    0.03772536665201187
  ],
  "cog_mean": [
    0.013597506783196944,
    -0.1703063917564936,
    0.0337076922943009
  ],
  "grasp_translation": [
    -0.650770191848278,
    -0.17451581358909607,
    0.14878711378574372
  ],
  "grasp_quaternion": [
    0.9083540549749508,
    0.360628322718559,
    -0.21070910072184162,
    0.021019004180879153
  ],
  "grasp_x_offset": -0.7,
  "grasp_y_offset": 0.0,
  "grasp_z_offset": 0.131
}