{
  "inference_time_s": 6.110139608383179,
  "obb_center": [
    -0.020831717022908543,
    -0.2431719693913072,
    0.01646691809380793
  ],
  "cog_pcd": [
    0.01857188530266285,
    -0.16220562160015106,
    0.03851450979709625
  ],
  "cog_mean": [
    0.010691164837548572,
    -0.17839889115838228,
    0.03410499145643859
  ],
  "grasp_translation": [
    -0.6939840640872716,
    -0.15899237990379333,
    0.14889963245391846
  ],
  "grasp_quaternion": [
    -0.31846448949262096,
    0.9095574371802178,
    0.1975547970988793,
    0.1796043973447722
  ],
  "grasp_x_offset": -0.7,
  "grasp_y_offset": 0.0,
  "grasp_z_offset": 0.131
}