{
  "inference_time_s": 4.666740417480469,
  "obb_center": [
    -0.021007116078409604,
    -0.2542596217004385,
    0.0037981862713392864
  ],
  "cog_pcd": [
    0.02968893200159073,
    -0.16240128874778748,
    0.03888062760233879
  ],
  "cog_mean": [
    0.019549722013061634,
    -0.18077295831854992,
    0.03186414045372598
  ],
  "grasp_translation": [
    -0.6847629889845848,
    -0.1576453596353531,
    0.15131933143734932
  ],
  "grasp_quaternion": [
    -0.3134808280485939,
    0.9021591653923876,
    0.20492976747597313,
    0.21410838644649627
  ],
  "grasp_x_offset": -0.7,
  "grasp_y_offset": 0.0,
  "grasp_z_offset": 0.131
}