{
  "inference_time_s": 4.321928262710571,
  "obb_center": [
    -0.1716776055787665,
    -0.2049569815638546,
    0.018437846294666643
  ],
  "cog_pcd": [
    -0.1253717541694641,
    -0.16214555501937866,
    0.03870204836130142
  ],
  "cog_mean": [
    -0.13463292743155683,
    -0.17070783734804162,
    0.034649207575445436
  ],
  "grasp_translation": [
    -0.8465759724378585,
    -0.14649155735969543,
    0.1582170025855303
  ],
  "grasp_quaternion": [
    0.31915680969405635,
    -0.8983735345018251,
    0.0488904709092998,
    0.2977812035486406
  ],
  "grasp_x_offset": -0.7,
  "grasp_y_offset": 0.0,
  "grasp_z_offset": 0.131
}