{
  "inference_time_s": 3.7178311347961426,
  "obb_center": [
    -0.09447333174950905,
    -0.2580979789495832,
    -0.00152914895845397
  ],
  "cog_pcd": [
    -0.14094333350658417,
    -0.1706361621618271,
    0.03716964274644852
  ],
  "cog_mean": [
    -0.13164933166505302,
    -0.18812852253914608,
    0.02942988440546802
  ],
  "grasp_translation": [
    -0.8573093831539154,
    -0.17212527990341187,
    0.152143838763237
  ],
  "grasp_quaternion": [
    -0.35489776714835064,
    0.8972026407110559,
    0.2031750830143091,
    0.1667179714858335
  ],
  "grasp_x_offset": -0.7,
  "grasp_y_offset": 0.0,
  "grasp_z_offset": 0.131
}