{
  "inference_time_s": 4.31574559211731,
  "obb_center": [
    -0.08891304966096332,
    -0.2103459410880375,
    0.01643657154466054
  ],
  "cog_pcd": [
    -0.1346287876367569,
    -0.15220017731189728,
    0.0391787588596344
  ],
  "cog_mean": [
    -0.12548564004159818,
    -0.16382933304735756,
    0.03463032363181381
  ],
  "grasp_translation": [
    -0.8465202420949935,
    -0.15826335549354553,
    0.15267833968997002
  ],
  "grasp_quaternion": [
    -0.3244238482789567,
    0.8962689977542738,
    0.20926123650966352,
    0.2183135021634441
  ],
  "grasp_x_offset": -0.7,
  "grasp_y_offset": 0.0,
  "grasp_z_offset": 0.131
}