{
  "inference_time_s": 5.4727795124053955,
  "obb_center": [
    0.018001420206885776,
    0.1599063509614857,
    0.019026440604806346
  ],
  "cog_pcd": [
    0.021100232377648354,
    0.16652527451515198,
    0.04198451712727547
  ],
  "cog_mean": [
    0.020480470316024867,
    0.1652014957648832,
    0.037392904057955825
  ],
  "grasp_translation": [
    -0.6877533596009016,
    0.18309363722801208,
    0.15212245932221413
  ],
  "grasp_quaternion": [
    0.46323683252833103,
    0.8818440057361697,
    0.02546651008093413,
    0.08434597441848347
  ],
  "grasp_x_offset": -0.7,
  "grasp_y_offset": 0.0,
  "grasp_z_offset": 0.131
}