{
  "inference_time_s": 3.417567253112793,
  "obb_center": [
    0.013769166579564129,
    0.1457178903685463,
    0.02129664597168674
  ],
  "cog_pcd": [
    0.020507650449872017,
    0.15121124684810638,
    0.04182747006416321
  ],
  "cog_mean": [
    0.01915995404833947,
    0.15011257555219437,
    0.03772130599072598
  ],
  "grasp_translation": [
    -0.6865910019725561,
    0.1662634015083313,
    0.14953081211447716
  ],
  "grasp_quaternion": [
    0.44398137877183996,
    0.883487805267511,
    -0.00741868380027285,
    0.1492474334054838
  ],
  "grasp_x_offset": -0.7,
  "grasp_y_offset": 0.0,
  "grasp_z_offset": 0.131
}