{
  "inference_time_s": 3.9683785438537598,
  "obb_center": [
    0.036871038284640556,
    0.14756937168039178,
    0.02158871482675112
  ],
  "cog_pcd": [
    0.042874351143836975,
    0.15083034336566925,
    0.04223436489701271
  ],
  "cog_mean": [
    0.04167368931705575,
    0.15017815051872987,
    0.03810523562801845
  ],
  "grasp_translation": [
    -0.6631648659706115,
    0.16710174083709717,
    0.15093056759238244
  ],
  "grasp_quaternion": [
    0.39133895873221514,
    0.9059931229365333,
    0.09231772559224695,
    0.13231673405721617
  ],
  "grasp_x_offset": -0.7,
  "grasp_y_offset": 0.0,
  "grasp_z_offset": 0.131
}