{
  "inference_time_s": 3.8988282680511475,
  "obb_center": [
    -0.11806573200115321,
    0.1736998910243384,
    0.018304180995333003
  ],
  "cog_pcd": [
    -0.09953965991735458,
    0.1713404506444931,
    0.042088065296411514
  ],
  "cog_mean": [
    -0.10324487731434655,
    0.17181234766115888,
    0.03733128769113775
  ],
  "grasp_translation": [
    -0.8081791520118713,
    0.18719586730003357,
    0.14885744167864323
  ],
  "grasp_quaternion": [
    0.4754287333065124,
    0.8707644078029011,
    0.00102661441232765,
    0.12544246375560555
  ],
  "grasp_x_offset": -0.7,
  "grasp_y_offset": 0.0,
  "grasp_z_offset": 0.131
}