{
  "inference_time_s": 4.3895933628082275,
  "obb_center": [
    -0.14473915273130744,
    0.17786564306778713,
    0.01638401264194295
  ],
  "cog_pcd": [
    -0.12256297469139099,
    0.17903554439544678,
    0.042230747640132904
  ],
  "cog_mean": [
    -0.12699820880925816,
    0.17880157009037934,
    0.037061400640494915
  ],
  "grasp_translation": [
    -0.8273828744888305,
    0.1975586712360382,
    0.15107538080215455
  ],
  "grasp_quaternion": [
    0.4272821688548153,
    0.8788205420490603,
    0.04721791407282412,
    0.20706248245863615
  ],
  "grasp_x_offset": -0.7,
  "grasp_y_offset": 0.0,
  "grasp_z_offset": 0.131
}