{
  "inference_time_s": 4.572485685348511,
  "obb_center": [
    -0.1420936840438547,
    0.15103859164290473,
    0.01559885801334086
  ],
  "cog_pcd": [
    -0.1166992336511612,
    0.1537935584783554,
    0.0421726368367672
  ],
  "cog_mean": [
    -0.12177812521981601,
    0.1532425680914975,
    0.03685788181713999
  ],
  "grasp_translation": [
    -0.8195463761687278,
    0.17508095502853394,
    0.15150041407346726
  ],
  "grasp_quaternion": [
    0.4102422514040992,
    0.8858807474169083,
    0.04835339972579254,
    0.21113631912561384
  ],
  "grasp_x_offset": -0.7,
  "grasp_y_offset": 0.0,
  "grasp_z_offset": 0.131
}