{
  "inference_time_s": 4.069990396499634,
  "obb_center": [
    0.06804033256291535,
    -0.03627563893175636,
    0.01318419934511654
  ],
  "cog_pcd": [
    0.0724518820643425,
    -0.012753952294588089,
    0.041714515537023544
  ],
  "cog_mean": [
    0.07156957141899901,
    -0.017458289994550773,
    0.03600845229864214
  ],
  "grasp_translation": [
    -0.6139114320278167,
    0.0005240589380264282,
    0.15434221825003624
  ],
  "grasp_quaternion": [
    0.4625463906961433,
    0.8546962125329189,
    0.021564703785148468,
    0.2346916792017011
  ],
  "grasp_x_offset": -0.7,
  "grasp_y_offset": 0.0,
  "grasp_z_offset": 0.131
}