{
  "inference_time_s": 4.076701641082764,
  "obb_center": [
    0.05723210084486491,
    -0.01713844174540466,
    0.018993296879165712
  ],
  "cog_pcd": [
    0.060428451746702194,
    0.0018494433024898171,
    0.04201442375779152
  ],
  "cog_mean": [
    0.059789180821276676,
    -0.0019481336605229496,
    0.03741019912712442
  ],
  "grasp_translation": [
    -0.6301984906196594,
    0.017596516758203506,
    0.15192720940709115
  ],
  "grasp_quaternion": [
    0.437323322635975,
    0.8908908409846463,
    0.007922420145608568,
    0.12247063397948282
  ],
  "grasp_x_offset": -0.7,
  "grasp_y_offset": 0.0,
  "grasp_z_offset": 0.131
}