{
  "inference_time_s": 4.05315899848938,
  "obb_center": [
    0.04337934629815729,
    -0.019724764720791092,
    0.013118830521832818
  ],
  "cog_pcd": [
    0.050802070647478104,
    -0.002550142351537943,
    0.04211229458451271
  ],
  "cog_mean": [
    0.04931752726773006,
    -0.005985066965086959,
    0.03631360400715091
  ],
  "grasp_translation": [
    -0.6276247099041938,
    0.01914418488740921,
    0.1566795659661293
  ],
  "grasp_quaternion": [
    0.46252925279202073,
    0.8807402467386763,
    0.016760324416565487,
    0.10041115282577873
  ],
  "grasp_x_offset": -0.7,
  "grasp_y_offset": 0.0,
  "grasp_z_offset": 0.131
}