{
  "inference_time_s": 3.4102442264556885,
  "obb_center": [
    -0.11912657726733972,
    -0.02049072021596721,
    0.016568946721099407
  ],
  "cog_pcd": [
    -0.10347665101289749,
    -0.014708762988448143,
    0.03897850215435028
  ],
  "cog_mean": [
    -0.10660663775390206,
    -0.015865154247687443,
    0.034496590695171074
  ],
  "grasp_translation": [
    -0.786319088935852,
    -0.027420662343502045,
    0.1540350010097027
  ],
  "grasp_quaternion": [
    0.940150242069647,
    0.2965227773332288,
    -0.1601283040341099,
    0.050504367198614675
  ],
  "grasp_x_offset": -0.7,
  "grasp_y_offset": 0.0,
  "grasp_z_offset": 0.131
}