{
  "inference_time_s": 4.9079365730285645,
  "obb_center": [
    -0.10788917001429593,
    -0.0063460207680222196,
    0.016795448484964243
  ],
  "cog_pcd": [
    -0.08778505027294159,
    -0.00047043728409335017,
    0.03948307782411575
  ],
  "cog_mean": [
    -0.09180587422121246,
    -0.0016455539925206563,
    0.03494555419145963
  ],
  "grasp_translation": [
    -0.7632465183734893,
    -0.008406862616539001,
    0.15077802626788617
  ],
  "grasp_quaternion": [
    0.8637421321792624,
    0.434830171952578,
    -0.247173328837224,
    0.061462152334900294
  ],
  "grasp_x_offset": -0.7,
  "grasp_y_offset": 0.0,
  "grasp_z_offset": 0.131
}