{
  "inference_time_s": 3.4928231239318848,
  "obb_center": [
    -0.13767802439859456,
    -0.014251255906308099,
    0.023834151866067056
  ],
  "cog_pcd": [
    -0.1302977055311203,
    -0.006876087747514248,
    0.04265141114592552
  ],
  "cog_mean": [
    -0.13177377228484738,
    -0.008351121472405276,
    0.03888796003501189
  ],
  "grasp_translation": [
    -0.8293176114559173,
    0.008203347213566303,
    0.15018192766606808
  ],
  "grasp_quaternion": [
    0.42581897796489016,
    0.8922746428218494,
    -0.06463925113646668,
    0.1354471372698395
  ],
  "grasp_x_offset": -0.7,
  "grasp_y_offset": 0.0,
  "grasp_z_offset": 0.131
}