{
  "inference_time_s": 3.2519710063934326,
  "obb_center": [
    -0.045317320117097076,
    -0.20273674043442266,
    0.01353786248452601
  ],
  "cog_pcd": [
    0.02102614752948284,
    -0.16258476674556732,
    0.038836076855659485
  ],
  "cog_mean": [
    0.007757454745224917,
    -0.17061515850310616,
    0.03377643398143279
  ],
  "grasp_translation": [
    -0.6744693394750356,
    -0.1560766100883484,
    0.15390124632418156
  ],
  "grasp_quaternion": [
    0.49958128260184753,
    0.8366982564591566,
    -0.06165330081757435,
    0.21576246246832964
  ],
  "grasp_x_offset": -0.7,
  "grasp_y_offset": 0.0,
  "grasp_z_offset": 0.131
}