{
  "inference_time_s": 5.2842090129852295,
  "obb_center": [
    -0.009371410157080498,
    -0.22854167143941162,
    0.008115699392656935
  ],
  "cog_pcd": [
    0.045585278421640396,
    -0.1675795614719391,
    0.03911463916301727
  ],
  "cog_mean": [
    0.03459394070589622,
    -0.17977198048520135,
    0.03291485195400327
  ],
  "grasp_translation": [
    -0.6472498968243598,
    -0.15934839844703674,
    0.15449181473255158
  ],
  "grasp_quaternion": [
    0.5037920331104433,
    0.8474571303977388,
    -0.02842808371793595,
    0.16492981406829307
  ],
  "grasp_x_offset": -0.7,
  "grasp_y_offset": 0.0,
  "grasp_z_offset": 0.131
}