{
  "inference_time_s": 4.655500650405884,
  "obb_center": [
    -0.039424206452674096,
    -0.20847673737432448,
    0.017034900209522186
  ],
  "cog_pcd": [
    0.03217954561114311,
    -0.15602357685565948,
    0.03899404779076576
  ],
  "cog_mean": [
    0.017858795943437727,
    -0.16651420895939248,
    0.034602218274517045
  ],
  "grasp_translation": [
    -0.6623029381036758,
    -0.14952370524406433,
    0.15115559002757073
  ],
  "grasp_quaternion": [
    0.4132612987603517,
    0.8779779807256728,
    0.03093308971354249,
    0.2396099085358343
  ],
  "grasp_x_offset": -0.7,
  "grasp_y_offset": 0.0,
  "grasp_z_offset": 0.131
}