{
  "inference_time_s": 5.550872325897217,
  "obb_center": [
    -0.061032550359564106,
    -0.2340757246498166,
    0.010975121088894289
  ],
  "cog_pcd": [
    -0.12734782695770264,
    -0.16663455963134766,
    0.03954389691352844
  ],
  "cog_mean": [
    -0.11408477312819106,
    -0.1801227956152737,
    0.03383014100354355
  ],
  "grasp_translation": [
    -0.8345969587564468,
    -0.19061879813671112,
    0.15049869468808175
  ],
  "grasp_quaternion": [
    -0.8850426855736274,
    0.43067657704022944,
    0.17563125142070468,
    0.019256017914661423
  ],
  "grasp_x_offset": -0.7,
  "grasp_y_offset": 0.0,
  "grasp_z_offset": 0.131
}