{
  "inference_time_s": 5.094742298126221,
  "obb_center": [
    0.05094552282609645,
    0.1239040411963253,
    0.013079556428127925
  ],
  "cog_pcd": [
    0.040755659341812134,
    0.12251466512680054,
    0.04123767092823982
  ],
  "cog_mean": [
    0.04279363129361094,
    0.1227925403407055,
    0.03560605026339162
  ],
  "grasp_translation": [
    -0.6666103571653366,
    0.10276199132204056,
    0.15343422903120518
  ],
  "grasp_quaternion": [
    -0.9213432578843963,
    0.3490573186787078,
    0.128811754095714,
    0.11266375386335903
  ],
  "grasp_x_offset": -0.7,
  "grasp_y_offset": 0.0,
  "grasp_z_offset": 0.131
}