{
  "inference_time_s": 4.84249472618103,
  "obb_center": [
    0.032091879004698676,
    0.14715615164453463,
    0.013691554714696977
  ],
  "cog_pcd": [
    0.02418895997107029,
    0.1478402465581894,
    0.041067250072956085
  ],
  "cog_mean": [
    0.025769543405266937,
    0.14770343055569068,
    0.03559211174636232
  ],
  "grasp_translation": [
    -0.6868366569280624,
    0.13051484525203705,
    0.15337481623888016
  ],
  "grasp_quaternion": [
    -0.8642516303411469,
    0.45411046619150863,
    0.15761593460079193,
    0.1483577470438226
  ],
  "grasp_x_offset": -0.7,
  "grasp_y_offset": 0.0,
  "grasp_z_offset": 0.131
}