{
  "inference_time_s": 4.428999900817871,
  "obb_center": [
    0.015753022135139804,
    0.11910224237376926,
    0.014805738715137327
  ],
  "cog_pcd": [
    0.010980857536196709,
    0.1254250705242157,
    0.04129861667752266
  ],
  "cog_mean": [
    0.011935290642249843,
    0.12416050936447477,
    0.03600004332021977
  ],
  "grasp_translation": [
    -0.6963117074221372,
    0.10497364401817322,
    0.1525178243815899
  ],
  "grasp_quaternion": [
    -0.9137467928703707,
    0.36651915178003436,
    0.13083345079124714,
    0.11667526752320022
  ],
  "grasp_x_offset": -0.7,
  "grasp_y_offset": 0.0,
  "grasp_z_offset": 0.131
}