{
  "inference_time_s": 5.393020868301392,
  "obb_center": [
    -0.11522102728613329,
    0.13276251726987942,
    0.01840801140890818
  ],
  "cog_pcd": [
    -0.12026290595531464,
    0.12763534486293793,
    0.04085146635770798
  ],
  "cog_mean": [
    -0.11925452873136225,
    0.12866078083444235,
    0.03636277685806414
  ],
  "grasp_translation": [
    -0.8374246478080749,
    0.10358598083257675,
    0.15553171461820603
  ],
  "grasp_quaternion": [
    -0.8848057330036163,
    0.43182071872023897,
    0.1218035865650019,
    0.12575201003471698
  ],
  "grasp_x_offset": -0.7,
  "grasp_y_offset": 0.0,
  "grasp_z_offset": 0.131
}