{
  "inference_time_s": 3.9711387157440186,
  "obb_center": [
    -0.1389902802578561,
    0.13514345179781717,
    0.012727812431934788
  ],
  "cog_pcd": [
    -0.1353960484266281,
    0.1204034686088562,
    0.0414910651743412
  ],
  "cog_mean": [
    -0.1361148947928737,
    0.12335146524664839,
    0.0357384168610341
  ],
  "grasp_translation": [
    -0.8475235968828201,
    0.10455790907144547,
    0.15346486395597458
  ],
  "grasp_quaternion": [
    -0.8716909579535961,
    0.45135785538191553,
    0.13404152458963156,
    0.13588167607395307
  ],
  "grasp_x_offset": -0.7,
  "grasp_y_offset": 0.0,
  "grasp_z_offset": 0.131
}