{
  "inference_time_s": 7.123607873916626,
  "obb_center": [
    -0.11982759463780028,
    0.1882400730463255,
    0.02392628842122604
  ],
  "cog_pcd": [
    -0.12449070066213608,
    0.17518174648284912,
    0.041686054319143295
  ],
  "cog_mean": [
    -0.1235580779671528,
    0.1777934207362411,
    0.038134101139559846
  ],
  "grasp_translation": [
    -0.8489700973033905,
    0.16100381314754486,
    0.15516311576962472
  ],
  "grasp_quaternion": [
    0.8625449783022784,
    -0.49087221833986405,
    -0.12272096201600773,
    0.00043720645999911686
  ],
  "grasp_x_offset": -0.7,
  "grasp_y_offset": 0.0,
  "grasp_z_offset": 0.131
}