{
  "inference_time_s": 3.819101572036743,
  "obb_center": [
    0.01432063768809632,
    -0.012548051838212962,
    0.012261640727075529
  ],
  "cog_pcd": [
    0.008334137499332428,
    -0.0025938996113836765,
    0.03977443650364876
  ],
  "cog_mean": [
    0.00953143744395295,
    -0.004584730010183405,
    0.034271876603276054
  ],
  "grasp_translation": [
    -0.6980135224759578,
    -0.02500833384692669,
    0.15183134651184083
  ],
  "grasp_quaternion": [
    -0.8773254245476017,
    0.4567396555452809,
    0.14703225111214122,
    0.008396643832240824
  ],
  "grasp_x_offset": -0.7,
  "grasp_y_offset": 0.0,
  "grasp_z_offset": 0.131
}