{
  "inference_time_s": 4.388790845870972,
  "obb_center": [
    0.043404376335745815,
    -0.026254980641842854,
    0.018767478236135796
  ],
  "cog_pcd": [
    0.035534847527742386,
    -0.015253743156790733,
    0.03872978314757347
  ],
  "cog_mean": [
    0.0371087536618721,
    -0.017453991026330187,
    0.0347373217927569
  ],
  "grasp_translation": [
    -0.6697903264313936,
    -0.03737375885248184,
    0.15198672464489937
  ],
  "grasp_quaternion": [
    -0.8559049002802455,
    0.44752152899742437,
    0.25016629774173066,
    0.0675877668980577
  ],
  "grasp_x_offset": -0.7,
  "grasp_y_offset": 0.0,
  "grasp_z_offset": 0.131
}