{
  "inference_time_s": 4.140746831893921,
  "obb_center": [
    0.05671234434486282,
    -0.03427587577236266,
    0.01732239867453613
  ],
  "cog_pcd": [
    0.047135259956121445,
    -0.024382757022976875,
    0.03869699686765671
  ],
  "cog_mean": [
    0.04905067683386972,
    -0.02636138189044112,
    0.03442207797409065
  ],
  "grasp_translation": [
    -0.6588609188795089,
    -0.047414761036634445,
    0.1535120447576046
  ],
  "grasp_quaternion": [
    -0.8897669988264166,
    0.4167044334065086,
    0.13476931143926726,
    0.1284886597057412
  ],
  "grasp_x_offset": -0.7,
  "grasp_y_offset": 0.0,
  "grasp_z_offset": 0.131
}