{
  "inference_time_s": 3.674126386642456,
  "obb_center": [
    -0.11236215895868638,
    -0.008631371634823713,
    0.02101204897636926
  ],
  "cog_pcd": [
    -0.1261025071144104,
    -0.01156444102525711,
    0.04149748757481575
  ],
  "cog_mean": [
    -0.12335444046349783,
    -0.010977826960905917,
    0.03740040134524257
  ],
  "grasp_translation": [
    -0.8343002319335937,
    -0.029158465564250946,
    0.151515825599432
  ],
  "grasp_quaternion": [
    -0.86649118822908,
    0.4496974277654173,
    0.212054841094275,
    0.04469886520938004
  ],
  "grasp_x_offset": -0.7,
  "grasp_y_offset": 0.0,
  "grasp_z_offset": 0.131
}