{
  "inference_time_s": 3.5557291507720947,
  "obb_center": [
    -0.13985726567944465,
    -0.0034252599381918054,
    0.023663147701206068
  ],
  "cog_pcd": [
    -0.14514042437076569,
    -0.003669056575745344,
    0.042005784809589386
  ],
  "cog_mean": [
    -0.14408379710284985,
    -0.0036202973879330227,
    0.03833725887802884
  ],
  "grasp_translation": [
    -0.8560397446155548,
    -0.021253954619169235,
    0.15137641033530236
  ],
  "grasp_quaternion": [
    -0.8684223624011714,
    0.4525837605048209,
    0.19898285614568872,
    0.03763460068856286
  ],
  "grasp_x_offset": -0.7,
  "grasp_y_offset": 0.0,
  "grasp_z_offset": 0.131
}