{
  "inference_time_s": 3.7288897037506104,
  "obb_center": [
    -0.1421969467868099,
    -0.010872718018860661,
    0.026449243122660532
  ],
  "cog_pcd": [
    -0.14194567501544952,
    -0.01868095062673092,
    0.04179467633366585
  ],
  "cog_mean": [
    -0.14199593085983772,
    -0.01711930466395041,
    0.038725591926638964
  ],
  "grasp_translation": [
    -0.8484758257865905,
    -0.034477103501558304,
    0.15287496051192284
  ],
  "grasp_quaternion": [
    -0.8758595953560353,
    0.43749611359572027,
    0.20064239433944825,
    0.03478145202742751
  ],
  "grasp_x_offset": -0.7,
  "grasp_y_offset": 0.0,
  "grasp_z_offset": 0.131
}