{
  "inference_time_s": 4.131951808929443,
  "obb_center": [
    0.001672295032308438,
    -0.22729611269160271,
    0.017877921393855536
  ],
  "cog_pcd": [
    0.0342046320438385,
    -0.1664658486843109,
    0.03913543373346329
  ],
  "cog_mean": [
    0.027698165386590548,
    -0.17863189850553704,
    0.03488393350071592
  ],
  "grasp_translation": [
    -0.6466519095003604,
    -0.1507122963666916,
    0.15534659004211426
  ],
  "grasp_quaternion": [
    0.3800690875862502,
    0.9086782497277534,
    -0.11761249764778349,
    0.12656471676621253
  ],
  "grasp_x_offset": -0.7,
  "grasp_y_offset": 0.0,
  "grasp_z_offset": 0.131
}