{
  "inference_time_s": 5.645461320877075,
  "obb_center": [
    -0.0084354580509199,
    -0.2301238041208931,
    0.009940898772064378
  ],
  "cog_pcd": [
    0.03469783812761307,
    -0.17933158576488495,
    0.03864879906177521
  ],
  "cog_mean": [
    0.026071178891906473,
    -0.18949002645585433,
    0.03290721937636207
  ],
  "grasp_translation": [
    -0.6554152265191078,
    -0.1738322377204895,
    0.15217376029491425
  ],
  "grasp_quaternion": [
    0.3944907190696634,
    0.900848365319546,
    -0.07270306788521312,
    0.16602276708054284
  ],
  "grasp_x_offset": -0.7,
  "grasp_y_offset": 0.0,
  "grasp_z_offset": 0.131
}