{
  "inference_time_s": 4.804657220840454,
  "obb_center": [
    0.03161854965113669,
    -0.16939038629113523,
    0.026000880877132943
  ],
  "cog_pcd": [
    0.015374233014881611,
    -0.15753678977489471,
    0.039572905749082565
  ],
  "cog_mean": [
    0.018623096714661655,
    -0.15990750907814283,
    0.0368585015197507
  ],
  "grasp_translation": [
    -0.6865259807556867,
    -0.18082374334335327,
    0.1537619931101799
  ],
  "grasp_quaternion": [
    -0.879103633214807,
    0.4160781193637916,
    0.17914548734386587,
    0.1481981613230935
  ],
  "grasp_x_offset": -0.7,
  "grasp_y_offset": 0.0,
  "grasp_z_offset": 0.131
}