{
  "inference_time_s": 3.319871425628662,
  "obb_center": [
    -0.11289430574351862,
    -0.1334298227043992,
    0.029094687961652647
  ],
  "cog_pcd": [
    -0.12493939697742462,
    -0.13264226913452148,
    0.042108818888664246
  ],
  "cog_mean": [
    -0.12253038171087566,
    -0.13279977835838092,
    0.039505992703261925
  ],
  "grasp_translation": [
    -0.8205767020583152,
    -0.14696630835533142,
    0.14944869367778302
  ],
  "grasp_quaternion": [
    -0.919397313880934,
    0.35727350883316683,
    0.1533412071529989,
    0.059587694228100924
  ],
  "grasp_x_offset": -0.7,
  "grasp_y_offset": 0.0,
  "grasp_z_offset": 0.131
}