{
  "inference_time_s": 3.751002788543701,
  "obb_center": [
    -0.11087130367790601,
    -0.12668339871226128,
    0.022511699639923582
  ],
  "cog_pcd": [
    -0.12746623158454895,
    -0.1268448531627655,
    0.041803114116191864
  ],
  "cog_mean": [
    -0.12414725047356873,
    -0.12681256674301303,
    0.03794483345611239
  ],
  "grasp_translation": [
    -0.8294882148504257,
    -0.1460181474685669,
    0.14980047097802163
  ],
  "grasp_quaternion": [
    -0.8909846033465733,
    0.38544748096286435,
    0.22022695634661296,
    0.09527205108025556
  ],
  "grasp_x_offset": -0.7,
  "grasp_y_offset": 0.0,
  "grasp_z_offset": 0.131
}